Workbook
Name gigwatts_to_megawatts: About!$A$31

Sheet About
A1: GBSC BAU Grid Battery Storage Capacity
A2: GBSB Potential Additional Grid Battery Storage Capacity
A3: GBSC Start Year Grid Battery Storage Capacity
A5: Source: | B5: BAU Grid Battery Storage Capacity
B6: Energy Information Administration
B7: 2022
B8: Annual Energy Outlook 2022
B9: https://www.eia.gov/outlooks/aeo/tables_side.php
B10: Row "Diurnal Storage"
B12: Potential Additional Battery Storage Capacity
B13: GSPP, GridLab, Energy Innovation
B14: 2020
B15: The 2035 Report
B16: https://www.2035report.com/data-explorer/
B18: Start Year Battery Storage Capacity
B19: Energy Information Administration
B20: 2020
B21: Annual Energy Outlook 2020
B22: https://www.eia.gov/outlooks/archive/aeo20/tables_side.php
B23: Row "Diurnal Storage"
A25: Notes
A26: We assume BAU diurnal storage is all battery storage
A28: The "Start Year" is the year prior to the first simulated year.
A30: Unit Conversion
A31: 1000 | B31: gigawatts to megawatts
A33: We take battery storage deployments from the 2035 report, which evaluates a pathway to 90%
A34: clean electricity by 2035. We adjust these values upward through 2035 to achieve the same ratio
A35: of storage capacity to wind and solar capacity as in the 2035 report (using our 1.5 degree scenario).
A36: Post-2035, we assume annual deployment can reach roughly 20 GW per year, the maximum
A37: deployment in the 2035 report.

Sheet 2035 Report Deployment
B1: 2019 | C1: 2020 | D1: 2021 | E1: 2022 | F1: 2023 | G1: 2024 | H1: 2025 | I1: 2026 | J1: 2027 | K1: 2028 | L1: 2029 | M1: 2030 | N1: 2031 | O1: 2032 | P1: 2033 | Q1: 2034 | R1: 2035 | S1: 2036 | T1: 2037 | U1: 2038 | V1: 2039 | W1: 2040 | X1: 2041 | Y1: 2042 | Z1: 2043 | AA1: 2044 | AB1: 2045 | AC1: 2046 | AD1: 2047 | AE1: 2048 | AF1: 2049 | AG1: 2050
A2: Existing battery storage | B2: ='AEO Table 9 (2020)'!C23 -> 1.3702
A3: New battery storage capacity (GW) | C3: =GETPIVOTDATA("newCapacityMW",'2035 Report Data'!$J$6,"year",C1,"tech","battery")/1000 -> 0.791035 | D3: =GETPIVOTDATA("newCapacityMW",'2035 Report Data'!$J$6,"year",D1,"tech","battery")/1000 -> 1.54701 | E3: =GETPIVOTDATA("newCapacityMW",'2035 Report Data'!$J$6,"year",E1,"tech","battery")/1000 -> 1.54701 | F3: =GETPIVOTDATA("newCapacityMW",'2035 Report Data'!$J$6,"year",F1,"tech","battery")/1000 -> 5.00969 | G3: =GETPIVOTDATA("newCapacityMW",'2035 Report Data'!$J$6,"year",G1,"tech","battery")/1000 -> 5.00969 | H3: =GETPIVOTDATA("newCapacityMW",'2035 Report Data'!$J$6,"year",H1,"tech","battery")/1000 -> 5.90658 | I3: =GETPIVOTDATA("newCapacityMW",'2035 Report Data'!$J$6,"year",I1,"tech","battery")/1000 -> 5.90658 | J3: =GETPIVOTDATA("newCapacityMW",'2035 Report Data'!$J$6,"year",J1,"tech","battery")/1000 -> 5.36563 | ... R3: =GETPIVOTDATA("newCapacityMW",'2035 Report Data'!$J$6,"year",R1,"tech","battery")/1000 -> 19.6115 | S3: =$R$3 -> 19.6115 | T3: =$R$3 -> 19.6115 | U3: =$R$3 -> 19.6115 | V3: =$R$3 -> 19.6115 | W3: =$R$3 -> 19.6115 | X3: =$R$3 -> 19.6115 | Y3: =$R$3 -> 19.6115 | Z3: =$R$3 -> 19.6115 | ... AG3: =$R$3 -> 19.6115
A4: Cumulative battery storage additions (GW) | D4: =B2+C3+D3 -> 3.708245 | E4: =E3+D4 -> 5.255255 | F4: =F3+E4 -> 10.264945 | G4: =G3+F4 -> 15.274635 | H4: =H3+G4 -> 21.181215 | I4: =I3+H4 -> 27.087795 | J4: =J3+I4 -> 32.453425 | K4: =K3+J4 -> 37.819055 | L4: =L3+K4 -> 46.318885 | ... R4: =R3+Q4 -> 144.83402 | S4: =R4+S3 -> 164.44552 | T4: =S4+T3 -> 184.05702 | U4: =T4+U3 -> 203.66852 | V4: =U4+V3 -> 223.28002 | W4: =V4+W3 -> 242.89152 | X4: =W4+X3 -> 262.50302 | Y4: =X4+Y3 -> 282.11452 | Z4: =Y4+Z3 -> 301.72602 | ... AG4: =AF4+AG3 -> 439.00651
A5: Additional Multiplier | D5: 0.15 | E5: 0.15 | F5: 0.15 | G5: 0.15 | H5: 0.25 | I5: 0.25 | J5: 0.25 | K5: 0.25 | L5: 0.25 | M5: 0.5 | N5: 0.5 | O5: 0.5 | P5: 0.5 | Q5: 0.5 | R5: 0.5
A6: Adjusted Amount (MW) | D6: =D4*(1+D5)*1000 -> 4264.4817 | E6: =E4*(1+E5)*1000 -> 6043.5432 | F6: =F4*(1+F5)*1000 -> 11804.687 | G6: =G4*(1+G5)*1000 -> 17565.83 | H6: =H4*(1+H5)*1000 -> 26476.519 | I6: =I4*(1+I5)*1000 -> 33859.744 | J6: =J4*(1+J5)*1000 -> 40566.781 | K6: =K4*(1+K5)*1000 -> 47273.819 | ... R6: =R4*(1+R5)*1000 -> 217251.02 | S6: =R6+S3*1000 -> 236862.52 | T6: =S6+T3*1000 -> 256474.02 | U6: =T6+U3*1000 -> 276085.52 | V6: =U6+V3*1000 -> 295697.02 | W6: =V6+W3*1000 -> 315308.52 | X6: =W6+X3*1000 -> 334920.02 | Y6: =X6+Y3*1000 -> 354531.52 | Z6: =Y6+Z3*1000 -> 374143.02 | ... AG6: =AF6+AG3*1000 -> 511423.52

Sheet 2035 Report Data
A1: year | B1: tech | C1: newCapacityMW | D1: cleanEnergyPolicy | E1: financingCosts | F1: gasPrices | G1: technologyCosts | J1: cleanEnergyPolicy | K1: CES90
A2: 2020 | B2: battery | C2: 783.405 | D2: CarbonTax | E2: Base | F2: AEO | G2: ATBLow | J2: financingCosts | K2: Base
A3: 2020 | B3: battery | C3: 795.702 | D3: CarbonTax | E3: Base | F3: AEO | G3: ATBMid | J3: gasPrices | K3: AEO
A4: 2020 | B4: battery | C4: 783.405 | D4: CarbonTax | E4: Base | F4: AEO | G4: ATBModified | J4: technologyCosts | K4: ATBMid
A5: 2020 | B5: battery | C5: 783.405 | D5: CarbonTax | E5: Base | F5: NYMEX | G5: ATBLow
A6: 2020 | B6: battery | C6: 786.283 | D6: CarbonTax | E6: Base | F6: NYMEX | G6: ATBMid | J6: Sum of newCapacityMW | K6: Column Labels
A7: 2020 | B7: battery | C7: 783.405 | D7: CarbonTax | E7: Base | F7: NYMEX | G7: ATBModified | J7: Row Labels | K7: 2020 | L7: 2021 | M7: 2022 | N7: 2023 | O7: 2024 | P7: 2025 | Q7: 2026 | R7: 2027 | S7: 2028 | T7: 2029 | U7: 2030 | V7: 2031 | W7: 2032 | X7: 2033 | Y7: 2034 | Z7: 2035 | AA7: Grand Total
A8: 2020 | B8: battery | C8: 876.419 | D8: CarbonTax | E8: High | F8: AEO | G8: ATBLow | J8: battery | K8: 791.035 | L8: 1547.01 | M8: 1547.01 | N8: 5009.69 | O8: 5009.69 | P8: 5906.58 | Q8: 5906.58 | R8: 5365.63 | S8: 5365.63 | T8: 8499.83 | U8: 8499.83 | V8: 15590.4 | W8: 15590.4 | X8: 19611.5 | Y8: 19611.5 | Z8: 19611.5 | AA8: 143463.82
A9: 2020 | B9: battery | C9: 784.911 | D9: CarbonTax | E9: High | F9: AEO | G9: ATBMid | J9: biopower | K9: 102.45 | L9: 9.5 | M9: 9.5 | N9: 0 | O9: 0 | P9: 0 | Q9: 0 | R9: 0 | S9: 0 | T9: 0 | U9: 0 | V9: 0 | W9: 0 | X9: 0 | Y9: 0 | Z9: 0 | AA9: 121.45
A10: 2020 | B10: battery | C10: 857.369 | D10: CarbonTax | E10: High | F10: AEO | G10: ATBModified | J10: coal | K10: 0 | L10: 0 | M10: 0 | N10: 0 | O10: 0 | P10: 0 | Q10: 0 | R10: 0 | S10: 0 | T10: 0 | U10: 0 | V10: 0 | W10: 0 | X10: 0 | Y10: 0 | Z10: 0 | AA10: 0
A11: 2020 | B11: battery | C11: 911.678 | D11: CarbonTax | E11: High | F11: NYMEX | G11: ATBLow | J11: gas | K11: 11059.73 | L11: 0 | M11: 0 | N11: 0 | O11: 0 | P11: 0 | Q11: 0 | R11: 0 | S11: 0 | T11: 0 | U11: 0 | V11: 0 | W11: 0 | X11: 0 | Y11: 0 | Z11: 0 | AA11: 11059.73
A12: 2020 | B12: battery | C12: 783.846 | D12: CarbonTax | E12: High | F12: NYMEX | G12: ATBMid | J12: geothermal | K12: 0 | L12: 0 | M12: 0 | N12: 0 | O12: 0 | P12: 0 | Q12: 0 | R12: 0 | S12: 0 | T12: 0 | U12: 0 | V12: 0 | W12: 0 | X12: 0 | Y12: 0 | Z12: 0 | AA12: 0
A13: 2020 | B13: battery | C13: 881.486 | D13: CarbonTax | E13: High | F13: NYMEX | G13: ATBModified | J13: hydro | K13: 3796.81 | L13: 1 | M13: 1 | N13: 59 | O13: 59 | P13: 66.5 | Q13: 66.5 | R13: 37.895 | S13: 37.895 | T13: 11.5 | U13: 11.5 | V13: 13 | W13: 13 | X13: 19.8333 | Y13: 19.8333 | Z13: 19.8333 | AA13: 4234.0999
A14: 2020 | B14: battery | C14: 942.07 | D14: CES90 | E14: Base | F14: AEO | G14: ATBLow | J14: nuclear | K14: 232.5 | L14: 1100 | M14: 1100 | N14: 0 | O14: 0 | P14: 0 | Q14: 0 | R14: 0 | S14: 0 | T14: 0 | U14: 0 | V14: 0 | W14: 0 | X14: 0 | Y14: 0 | Z14: 0 | AA14: 2432.5
A15: 2020 | B15: battery | C15: 791.035 | D15: CES90 | E15: Base | F15: AEO | G15: ATBMid | J15: other | K15: 14.85 | L15: 0 | M15: 0 | N15: 0 | O15: 0 | P15: 0 | Q15: 0 | R15: 0 | S15: 0 | T15: 0 | U15: 0 | V15: 0 | W15: 0 | X15: 0 | Y15: 0 | Z15: 0 | AA15: 14.85
A16: 2020 | B16: battery | C16: 929.682 | D16: CES90 | E16: Base | F16: AEO | G16: ATBModified | J16: solar | K16: 13026.4 | L16: 32983.6 | M16: 32983.6 | N16: 30498.8 | O16: 30498.8 | P16: 21718.2 | Q16: 21718.2 | R16: 30857.2 | S16: 30857.2 | T16: 31380.4 | U16: 31380.4 | V16: 15860.9 | W16: 15860.9 | X16: 32889.2 | Y16: 32889.2 | Z16: 32889.2 | AA16: 438292.2
A17: 2020 | B17: battery | C17: 909.726 | D17: CES90 | E17: Base | F17: NYMEX | G17: ATBLow | J17: wind | K17: 13350.8 | L17: 25891 | M17: 25891 | N17: 21768.3 | O17: 21768.3 | P17: 36012 | Q17: 36012 | R17: 33005.5 | S17: 33005.5 | T17: 32996.4 | U17: 32996.4 | V17: 55468.3 | W17: 55468.3 | X17: 53885.9 | Y17: 53885.9 | Z17: 53885.9 | AA17: 585291.5
A18: 2020 | B18: battery | C18: 792.379 | D18: CES90 | E18: Base | F18: NYMEX | G18: ATBMid | J18: Grand Total | K18: 42374.575 | L18: 61532.11 | M18: 61532.11 | N18: 57335.79 | O18: 57335.79 | P18: 63703.28 | Q18: 63703.28 | R18: 69266.225 | S18: 69266.225 | T18: 72888.13 | U18: 72888.13 | V18: 86932.6 | W18: 86932.6 | X18: 106406.43 | Y18: 106406.43 | Z18: 106406.43 | AA18: 1184910.1
A19: 2020 | B19: battery | C19: 896.168 | D19: CES90 | E19: Base | F19: NYMEX | G19: ATBModified
A20: 2020 | B20: battery | C20: 938.939 | D20: CES90 | E20: High | F20: AEO | G20: ATBLow | J20: Cumulative wind | K20: ='AEO Table 16'!C23*1000+K17 -> 120129.86 | L20: =K20+L17 -> 146020.86 | M20: =L20+M17 -> 171911.86 | N20: =M20+N17 -> 193680.16 | O20: =N20+O17 -> 215448.46 | P20: =O20+P17 -> 251460.46 | Q20: =P20+Q17 -> 287472.46 | R20: =Q20+R17 -> 320477.96 | S20: =R20+S17 -> 353483.46 | ... Z20: =Y20+Z17 -> 692070.56
A21: 2020 | B21: battery | C21: 801.013 | D21: CES90 | E21: High | F21: AEO | G21: ATBMid | J21: Cumulative solar | K21: ='AEO Table 16'!C22*1000+K16 -> 48676.436 | L21: =K21+L16 -> 81660.036 | M21: =L21+M16 -> 114643.64 | N21: =M21+N16 -> 145142.44 | O21: =N21+O16 -> 175641.24 | P21: =O21+P16 -> 197359.44 | Q21: =P21+Q16 -> 219077.64 | R21: =Q21+R16 -> 249934.84 | S21: =R21+S16 -> 280792.04 | ... Z21: =Y21+Z16 -> 473942.24
A22: 2020 | B22: battery | C22: 895.313 | D22: CES90 | E22: High | F22: AEO | G22: ATBModified | J22: Cumulative storage | K22: ='AEO Table 9 (2020)'!C23*1000+K8 -> 2161.235 | L22: =K22+L8 -> 3708.245 | M22: =L22+M8 -> 5255.255 | N22: =M22+N8 -> 10264.945 | O22: =N22+O8 -> 15274.635 | P22: =O22+P8 -> 21181.215 | Q22: =P22+Q8 -> 27087.795 | R22: =Q22+R8 -> 32453.425 | S22: =R22+S8 -> 37819.055 | ... Z22: =Y22+Z8 -> 144834.02
A23: 2020 | B23: battery | C23: 901.978 | D23: CES90 | E23: High | F23: NYMEX | G23: ATBLow | J23: Ratio of battery storage to wind and solar capacity | K23: =K22/SUM(K20:K21) -> 0.012803047 | L23: =L22/SUM(L20:L21) -> 0.016287027 | M23: =M22/SUM(M20:M21) -> 0.018339397 | N23: =N22/SUM(N20:N21) -> 0.030295928 | O23: =O22/SUM(O20:O21) -> 0.039056603 | P23: =P22/SUM(P20:P21) -> 0.047193128 | Q23: =Q22/SUM(Q20:Q21) -> 0.053475056 | R23: =R22/SUM(R20:R21) -> 0.05689463 | ... Z23: =Z22/SUM(Z20:Z21) -> 0.12421306
A24: 2020 | B24: battery | C24: 798.031 | D24: CES90 | E24: High | F24: NYMEX | G24: ATBMid
A25: 2020 | B25: battery | C25: 881.508 | D25: CES90 | E25: High | F25: NYMEX | G25: ATBModified
A26: 2020 | B26: battery | C26: 783.405 | D26: Unconstrained | E26: Base | F26: AEO | G26: ATBLow
A27: 2020 | B27: battery | C27: 783.405 | D27: Unconstrained | E27: Base | F27: AEO | G27: ATBMid
A28: 2020 | B28: battery | C28: 783.405 | D28: Unconstrained | E28: Base | F28: AEO | G28: ATBModified
A29: 2020 | B29: battery | C29: 783.405 | D29: Unconstrained | E29: Base | F29: NYMEX | G29: ATBLow
A30: 2020 | B30: battery | C30: 783.405 | D30: Unconstrained | E30: Base | F30: NYMEX | G30: ATBMid
A31: 2020 | B31: battery | C31: 783.405 | D31: Unconstrained | E31: Base | F31: NYMEX | G31: ATBModified
A32: 2020 | B32: battery | C32: 783.405 | D32: Unconstrained | E32: High | F32: AEO | G32: ATBLow
A33: 2020 | B33: battery | C33: 783.405 | D33: Unconstrained | E33: High | F33: AEO | G33: ATBMid
A34: 2020 | B34: battery | C34: 783.405 | D34: Unconstrained | E34: High | F34: AEO | G34: ATBModified
A35: 2020 | B35: battery | C35: 783.405 | D35: Unconstrained | E35: High | F35: NYMEX | G35: ATBLow
... A5761: 2035 | B5761: wind | C5761: 2651.02 | D5761: Unconstrained | E5761: High | F5761: NYMEX | G5761: ATBModified

Sheet EPS Output
A1: Time (Year) | B1: 2019 | C1: 2020 | D1: 2021 | E1: 2022 | F1: 2023 | G1: 2024 | H1: 2025 | I1: 2026 | J1: 2027 | K1: 2028 | L1: 2029 | M1: 2030 | N1: 2031 | O1: 2032 | P1: 2033 | Q1: 2034 | R1: 2035 | S1: 2036 | T1: 2037 | U1: 2038 | V1: 2039 | W1: 2040 | X1: 2041 | Y1: 2042 | Z1: 2043 | AA1: 2044 | AB1: 2045 | AC1: 2046 | AD1: 2047 | AE1: 2048 | AF1: 2049 | AG1: 2050
A2: Grid Battery Storage Capacity : MostRecentRun | B2: 1370 | C2: 2629 | D2: 5629 | E2: 6260 | F2: 11805 | G2: 17566 | H2: 26477 | I2: 33860 | J2: 40567 | K2: 47274 | L2: 57899 | M2: 82228 | N2: 105614 | O2: 128999 | P2: 158417 | Q2: 187834 | R2: 217251 | S2: 236862 | T2: 254513 | U2: 270202 | V2: 283930 | W2: 295697 | X2: 305503 | Y2: 315308 | Z2: 325114 | AA2: 334920 | AB2: 344726 | AC2: 354532 | AD2: 364338 | AE2: 374143 | AF2: 383949 | AG2: 393755
A4: Time (Year) | B4: 2019 | C4: 2020 | D4: 2021 | E4: 2022 | F4: 2023 | G4: 2024 | H4: 2025 | I4: 2026 | J4: 2027 | K4: 2028 | L4: 2029 | M4: 2030 | N4: 2031 | O4: 2032 | P4: 2033 | Q4: 2034 | R4: 2035 | S4: 2036 | T4: 2037 | U4: 2038 | V4: 2039 | W4: 2040 | X4: 2041 | Y4: 2042 | Z4: 2043 | AA4: 2044 | AB4: 2045 | AC4: 2046 | AD4: 2047 | AE4: 2048 | AF4: 2049 | AG4: 2050
A5: Output Electricity Generation Capacity[hard coal es] : MostRecentRun | B5: 226.058 | C5: 218.576 | D5: 205.418 | E5: 178.586 | F5: 146.594 | G5: 114.602 | H5: 73.322 | I5: 58.616 | J5: 43.652 | K5: 28.43 | L5: 12.434 | M5: 0 | N5: 0 | O5: 0 | P5: 0 | Q5: 0 | R5: 0 | S5: 0 | T5: 0 | U5: 0 | V5: 0 | W5: 0 | X5: 0 | Y5: 0 | Z5: 0 | AA5: 0 | AB5: 0 | AC5: 0 | AD5: 0 | AE5: 0 | AF5: 0 | AG5: 0
A6: Output Electricity Generation Capacity[natural gas nonpeaker es] : MostRecentRun | B6: 255.38 | C6: 255.226 | D6: 256.304 | E6: 260.924 | F6: 260.154 | G6: 253.84 | H6: 249.066 | I6: 246.756 | J6: 242.444 | K6: 237.824 | L6: 233.358 | M6: 229.354 | N6: 224.734 | O6: 220.576 | P6: 215.494 | Q6: 210.104 | R6: 210.104 | S6: 210.104 | T6: 209.95 | U6: 209.95 | V6: 209.334 | W6: 209.334 | X6: 209.334 | Y6: 208.872 | Z6: 208.872 | AA6: 208.872 | AB6: 208.256 | AC6: 208.256 | AD6: 207.794 | AE6: 207.024 | AF6: 207.024 | AG6: 206.716
A7: Output Electricity Generation Capacity[nuclear es] : MostRecentRun | B7: 98.294 | C7: 98.294 | D7: 94.877 | E7: 92.599 | F7: 90.321 | G7: 88.043 | H7: 83.487 | I7: 74.375 | J7: 72.097 | K7: 69.819 | L7: 67.541 | M7: 66.402 | N7: 65.263 | O7: 64.124 | P7: 59.568 | Q7: 55.012 | R7: 55.012 | S7: 55.012 | T7: 55.012 | U7: 55.012 | V7: 55.012 | W7: 53.873 | X7: 53.873 | Y7: 53.873 | Z7: 52.734 | AA7: 52.734 | AB7: 52.734 | AC7: 52.734 | AD7: 52.734 | AE7: 52.734 | AF7: 52.734 | AG7: 52.734
A8: Output Electricity Generation Capacity[hydro es] : MostRecentRun | B8: 79.655 | C8: 79.792 | D8: 79.968 | E8: 80.126 | F8: 80.437 | G8: 80.545 | H8: 80.661 | I8: 80.781 | J8: 80.895 | K8: 80.985 | L8: 81.011 | M8: 81.111 | N8: 81.158 | O8: 81.271 | P8: 81.388 | Q8: 80.133 | R8: 80.279 | S8: 80.374 | T8: 80.425 | U8: 80.525 | V8: 80.618 | W8: 80.716 | X8: 80.809 | Y8: 80.886 | Z8: 80.974 | AA8: 80.956 | AB8: 81.011 | AC8: 81.094 | AD8: 81.051 | AE8: 81.109 | AF8: 81.159 | AG8: 81.155
A9: Output Electricity Generation Capacity[onshore wind es] : MostRecentRun | B9: 99.045 | C9: 99.045 | D9: 135.825 | E9: 176.55 | F9: 208.985 | G9: 236.87 | H9: 265.285 | I9: 296.755 | J9: 322.255 | K9: 349.47 | L9: 376.8 | M9: 402.08 | N9: 439.905 | O9: 490.31 | P9: 551.35 | Q9: 620.195 | R9: 684.395 | S9: 690.225 | T9: 701.79 | U9: 712.755 | V9: 718.665 | W9: 728.665 | X9: 735.935 | Y9: 741.23 | Z9: 746.09 | AA9: 750.31 | AB9: 754.99 | AC9: 758.365 | AD9: 762.555 | AE9: 766.11 | AF9: 769.21 | AG9: 772.705
A10: Output Electricity Generation Capacity[solar PV es] : MostRecentRun | B10: 29.763 | C10: 39.915 | D10: 64.783 | E10: 101.819 | F10: 141.979 | G10: 190.899 | H10: 254.539 | I10: 334.095 | J10: 409.885 | K10: 494.473 | L10: 582.525 | M10: 670.919 | N10: 760.195 | O10: 849.471 | P10: 938.577 | Q10: 1027.67 | R10: 1117.67 | S10: 1201.57 | T10: 1291.3 | U10: 1381.04 | V10: 1467.05 | W10: 1556.72 | X10: 1645.14 | Y10: 1730.64 | Z10: 1814.45 | AA10: 1895.33 | AB10: 1978.6 | AC10: 2053.12 | AD10: 2133.71 | AE10: 2210.11 | AF10: 2281.28 | AG10: 2356.73
A11: Output Electricity Generation Capacity[solar thermal es] : MostRecentRun | B11: 1.758 | C11: 1.758 | D11: 1.758 | E11: 0.354 | F11: 0.198 | G11: 0.198 | H11: 0.198 | I11: 0.198 | J11: 0.198 | K11: 0.198 | L11: 0.198 | M11: 0.042 | N11: 0.042 | O11: 0.042 | P11: 0.042 | Q11: 0.042 | R11: 0.042 | S11: 0.042 | T11: 0.042 | U11: 0.042 | V11: 0.042 | W11: 0.042 | X11: 0.042 | Y11: 0.042 | Z11: 0.042 | AA11: 0.042 | AB11: 0.042 | AC11: 0.042 | AD11: 0.042 | AE11: 0.042 | AF11: 0.042 | AG11: 0.042
A12: Output Electricity Generation Capacity[biomass es] : MostRecentRun | B12: 5.233 | C12: 5.287 | D12: 4.549 | E12: 0.067 | F12: 0.031 | G12: 0.013 | H12: 0.013 | I12: 0.013 | J12: 0.013 | K12: 0.013 | L12: 0.013 | M12: 0.013 | N12: 0.013 | O12: 0.013 | P12: 0.013 | Q12: 0.013 | R12: 0.013 | S12: 0.013 | T12: 0.013 | U12: 0.013 | V12: 0.013 | W12: 0.013 | X12: 0.013 | Y12: 0.013 | Z12: 0.013 | AA12: 0.013 | AB12: 0.013 | AC12: 0.013 | AD12: 0.013 | AE12: 0.013 | AF12: 0.013 | AG12: 0.013
A13: Output Electricity Generation Capacity[geothermal es] : MostRecentRun | B13: 2.395 | C13: 2.395 | D13: 2.455 | E13: 2.455 | F13: 2.455 | G13: 2.455 | H13: 2.455 | I13: 2.455 | J13: 2.455 | K13: 0.685 | L13: 0.005 | M13: 0.005 | N13: 0.005 | O13: 0.005 | P13: 0.005 | Q13: 0.005 | R13: 0.005 | S13: 0.005 | T13: 0.005 | U13: 0.005 | V13: 0.005 | W13: 0.005 | X13: 0.005 | Y13: 0.005 | Z13: 0.005 | AA13: 0.005 | AB13: 0.005 | AC13: 0.005 | AD13: 0.005 | AE13: 0.005 | AF13: 0.005 | AG13: 0.005
... A20: Output Electricity Generation Capacity[municipal solid waste es] : MostRecentRun | B20: 1.81 | C20: 1.81 | D20: 1.712 | E20: 0.942 | F20: 0.004 | G20: 0.004 | H20: 0.004 | I20: 0.004 | J20: 0.004 | K20: 0.004 | L20: 0.004 | M20: 0.004 | N20: 0.004 | O20: 0.004 | P20: 0.004 | Q20: 0.004 | R20: 0.004 | S20: 0.004 | T20: 0.004 | U20: 0.004 | V20: 0.004 | W20: 0.004 | X20: 0.004 | Y20: 0.004 | Z20: 0.004 | AA20: 0.004 | AB20: 0.004 | AC20: 0.004 | AD20: 0.004 | AE20: 0.004 | AF20: 0.004 | AG20: 0.004
A22: Ratio of battery storage to wind and solar capacity | B22: =(B2/1000)/SUM(B9:B10) -> 0.010635985 | C22: =(C2/1000)/SUM(C9:C10) -> 0.018919113 | D22: =(D2/1000)/SUM(D9:D10) -> 0.028059699 | E22: =(E2/1000)/SUM(E9:E10) -> 0.022488136 | F22: =(F2/1000)/SUM(F9:F10) -> 0.033635928 | G22: =(G2/1000)/SUM(G9:G10) -> 0.041064219 | H22: =(H2/1000)/SUM(H9:H10) -> 0.050934547 | I22: =(I2/1000)/SUM(I9:I10) -> 0.053673615 | ... AG22: =(AG2/1000)/SUM(AG9:AG10) -> 0.12582303
C23: 0.012803047 | D23: 0.016287027 | E23: 0.018339397 | F23: 0.030295928 | G23: 0.039056603 | H23: 0.047193128 | I23: 0.053475056 | J23: 0.05689463 | K23: 0.059625597 | L23: 0.066297478 | M23: 0.071843545 | N23: 0.084387146 | O23: 0.094954955 | P23: 0.10641309 | Q23: 0.11602867 | R23: 0.12421306

Sheet AEO Table 9 (2020)
B1: ref2020.d112119a | C1: 2019 | D1: 2020 | E1: 2021 | F1: 2022 | G1: 2023 | H1: 2024 | I1: 2025 | J1: 2026 | K1: 2027 | L1: 2028 | M1: 2029 | N1: 2030 | O1: 2031 | P1: 2032 | Q1: 2033 | R1: 2034 | S1: 2035 | T1: 2036 | U1: 2037 | V1: 2038 | W1: 2039 | X1: 2040 | Y1: 2041 | Z1: 2042 | AA1: 2043 | AB1: 2044 | AC1: 2045 | AD1: 2046 | AE1: 2047 | AF1: 2048 | AG1: 2049 | AH1: 2050
C3: Report | D3: Annual Energy Outlook 2020
C4: Scenario | D4: ref2020 | G4: Reference case
C5: Datekey | D5: d112119a
C6: Release Date | E6: January 2020
A10: EGC000 | B10: 9. Electricity Generating Capacity
B11: (gigawatts)
AI12: 2019-
B13: Net Summer Capacity 1/ | C13: 2019 | D13: 2020 | E13: 2021 | F13: 2022 | G13: 2023 | H13: 2024 | I13: 2025 | J13: 2026 | K13: 2027 | L13: 2028 | M13: 2029 | N13: 2030 | O13: 2031 | P13: 2032 | Q13: 2033 | R13: 2034 | S13: 2035 | T13: 2036 | U13: 2037 | V13: 2038 | W13: 2039 | X13: 2040 | Y13: 2041 | Z13: 2042 | AA13: 2043 | AB13: 2044 | AC13: 2045 | AD13: 2046 | AE13: 2047 | AF13: 2048 | AG13: 2049 | AH13: 2050 | AI13: 2050
B15: Electric Power Sector 2/
B16: Power Only 3/
A17: EGC000:ba_CoalSteam | B17: Coal 4/ | C17: 231.08414 | D17: 223.79623 | E17: 221.06181 | F17: 207.50491 | G17: 190.04248 | H17: 172.30737 | I17: 138.29921 | J17: 135.3732 | K17: 134.09552 | L17: 132.76051 | M17: 130.82552 | N17: 130.19051 | O17: 129.95851 | P17: 129.86621 | Q17: 129.86621 | R17: 128.70792 | S17: 127.8319 | T17: 127.14941 | U17: 126.6149 | V17: 124.96141 | W17: 124.62241 | X17: 124.62241 | Y17: 124.28241 | Z17: 124.28241 | AA17: 124.28241 | AB17: 124.28241 | AC17: 123.8674 | AD17: 123.8674 | AE17: 123.63541 | AF17: 123.63541 | AG17: 123.41041 | AH17: 123.41041 | AI17: -0.020031
A18: EGC000:ba_OtherFossilSt | B18: Oil and Natural Gas Steam 4, 5/ | C18: 75.206711 | D18: 72.773109 | E18: 66.741508 | F18: 61.672409 | G18: 59.380302 | H18: 56.946198 | I18: 60.158005 | J18: 58.542809 | K18: 58.025803 | L18: 57.491806 | M18: 55.735405 | N18: 55.287407 | O18: 54.269211 | P18: 52.41721 | Q18: 51.148808 | R18: 50.620708 | S18: 49.641712 | T18: 49.641712 | U18: 49.641712 | V18: 49.310711 | W18: 49.310711 | X18: 49.310711 | Y18: 49.310711 | Z18: 49.310711 | AA18: 49.310711 | AB18: 49.310711 | AC18: 49.310711 | AD18: 49.310711 | AE18: 49.310711 | AF18: 49.230709 | AG18: 49.230709 | AH18: 49.230709 | AI18: -0.013575
A19: EGC000:ba_CombinedCycle | B19: Combined Cycle | C19: 239.8858 | D19: 244.90321 | E19: 254.7644 | F19: 269.49536 | G19: 280.39185 | H19: 289.07001 | I19: 301.34296 | J19: 309.6572 | K19: 312.92664 | L19: 316.25357 | M19: 320.89716 | N19: 322.81482 | O19: 327.72052 | P19: 330.2009 | Q19: 333.93457 | R19: 337.6329 | S19: 341.53003 | T19: 346.66101 | U19: 351.82873 | V19: 357.31 | W19: 362.72366 | X19: 367.03781 | Y19: 370.36438 | Z19: 373.62997 | AA19: 377.41656 | AB19: 378.862 | AC19: 381.45685 | AD19: 385.46112 | AE19: 389.47742 | AF19: 392.11798 | AG19: 397.56342 | AH19: 400.95282 | AI19: 0.016708
A20: EGC000:ba_CombustionTur | B20: Combustion Turbine/Diesel | C20: 140.49271 | D20: 147.97757 | E20: 153.15196 | F20: 156.03604 | G20: 159.43466 | H20: 163.24979 | I20: 167.95743 | J20: 172.69608 | K20: 175.56021 | L20: 180.78302 | M20: 184.12144 | N20: 189.52707 | O20: 195.74348 | P20: 202.89238 | Q20: 207.31116 | R20: 211.76163 | S20: 218.32164 | T20: 223.14461 | U20: 229.9198 | V20: 234.47052 | W20: 241.51596 | X20: 246.68021 | Y20: 253.76321 | Z20: 259.46979 | AA20: 267.01703 | AB20: 275.69638 | AC20: 282.17578 | AD20: 291.15888 | AE20: 296.65949 | AF20: 305.957 | AG20: 313.3967 | AH20: 323.01959 | AI20: 0.027221
A21: EGC000:ba_NuclearPower | B21: Nuclear Power 6/ | C21: 98.110115 | D21: 97.091614 | E21: 94.744415 | F21: 95.087219 | G21: 95.131218 | H21: 95.182007 | I21: 91.920135 | J21: 83.109558 | K21: 83.14473 | L21: 83.179893 | M21: 83.224869 | N21: 83.310944 | O21: 83.449646 | P21: 83.545952 | Q21: 81.662491 | R21: 79.616547 | S21: 79.794891 | T21: 79.927475 | U21: 79.954239 | V21: 79.980988 | W21: 79.980988 | X21: 78.85672 | Y21: 79.01564 | Z21: 79.13063 | AA21: 78.089554 | AB21: 78.185455 | AC21: 78.289337 | AD21: 78.343445 | AE21: 78.397537 | AF21: 78.431229 | AG21: 78.471939 | AH21: 78.534271 | AI21: -0.007154
A22: EGC000:ba_PumpedStorage | B22: Pumped Storage | C22: 22.830204 | D22: 22.830204 | E22: 22.830204 | F22: 22.830204 | G22: 22.830204 | H22: 22.830204 | I22: 22.830204 | J22: 22.830204 | K22: 22.830204 | L22: 22.830204 | M22: 22.830204 | N22: 22.830204 | O22: 22.830204 | P22: 22.830204 | Q22: 22.830204 | R22: 22.830204 | S22: 22.830204 | T22: 22.830204 | U22: 22.830204 | V22: 22.830204 | W22: 22.830204 | X22: 22.830204 | Y22: 22.830204 | Z22: 22.830204 | AA22: 22.830204 | AB22: 22.830204 | AC22: 22.830204 | AD22: 22.830204 | AE22: 22.830204 | AF22: 22.830204 | AG22: 22.830204 | AH22: 22.830204 | AI22: 0
A23: EGC000:ba_DiurnalStorag | B23: Diurnal Storage | C23: 1.3702 | D23: 2.62886 | E23: 5.62886 | F23: 6.25986 | G23: 6.890861 | H23: 7.520861 | I23: 7.963861 | J23: 8.374861 | K23: 8.785861 | L23: 9.196861 | M23: 9.658842 | N23: 10.069842 | O23: 10.069842 | P23: 10.069842 | Q23: 10.356866 | R23: 10.804548 | S23: 10.804548 | T23: 10.872132 | U23: 10.872132 | V23: 10.886932 | W23: 10.886932 | X23: 10.974281 | Y23: 11.41368 | Z23: 12.008404 | AA23: 12.008404 | AB23: 12.008404 | AC23: 12.642261 | AD23: 13.321657 | AE23: 15.081673 | AF23: 16.082682 | AG23: 17.366106 | AH23: 17.400896 | AI23: 0.085441
A24: EGC000:ba_FuelCells | B24: Fuel Cells | C24: 0.1491 | D24: 0.1731 | E24: 0.1768 | F24: 0.184427 | G24: 0.185699 | H24: 0.185699 | I24: 0.185699 | J24: 0.185699 | K24: 0.185699 | L24: 0.215561 | M24: 0.215561 | N24: 0.215561 | O24: 0.215561 | P24: 0.215561 | Q24: 0.215561 | R24: 0.215561 | S24: 0.215561 | T24: 0.215561 | U24: 0.215561 | V24: 0.215561 | W24: 0.215561 | X24: 0.215561 | Y24: 0.215561 | Z24: 0.215561 | AA24: 0.215561 | AB24: 0.215561 | AC24: 0.215561 | AD24: 0.215561 | AE24: 0.215561 | AF24: 0.215561 | AG24: 0.215561 | AH24: 0.215561 | AI24: 0.011962
A25: EGC000:ba_RenewableSour | B25: Renewable Sources 7/ | C25: 231.45772 | D25: 258.35748 | E25: 277.13541 | F25: 310.87705 | G25: 331.81784 | H25: 344.99237 | I25: 362.63211 | J25: 376.4545 | K25: 385.75336 | L25: 394.84076 | M25: 408.56665 | N25: 424.56018 | O25: 425.74161 | P25: 427.539 | Q25: 429.74127 | R25: 431.20206 | S25: 443.32996 | T25: 450.23541 | U25: 457.24945 | V25: 466.10828 | W25: 474.70233 | X25: 485.57074 | Y25: 498.04614 | Z25: 512.4292 | AA25: 528.9306 | AB25: 546.75122 | AC25: 564.91028 | AD25: 576.6991 | AE25: 587.45465 | AF25: 594.93799 | AG25: 603.5221 | AH25: 612.45575 | AI25: 0.031888
A26: EGC000:ba_DistributedGe | B26: Distributed Generation (Natural Gas) 8/ | C26: 0 | D26: 0 | E26: 3.713591 | F26: 4.16767 | G26: 4.547616 | H26: 4.986972 | I26: 5.449234 | J26: 5.961385 | K26: 6.592154 | L26: 7.471827 | M26: 8.539021 | N26: 9.53553 | O26: 10.636311 | P26: 11.831466 | Q26: 12.989717 | R26: 14.554209 | S26: 16.432066 | T26: 18.254663 | U26: 20.558561 | V26: 22.902798 | W26: 25.320221 | X26: 27.838015 | Y26: 30.430658 | Z26: 32.999897 | AA26: 35.882656 | AB26: 38.735401 | AC26: 41.726345 | AD26: 44.878906 | AE26: 47.995968 | AF26: 51.195477 | AG26: 54.537045 | AH26: 57.978287 | AI26: - -
A27: EGC000:ba_Total | B27: Total | C27: 1040.5867 | D27: 1070.5314 | E27: 1099.9491 | F27: 1134.1152 | G27: 1150.6527 | H27: 1157.2715 | I27: 1158.7388 | J27: 1173.1855 | K27: 1187.9001 | L27: 1205.024 | M27: 1224.6146 | N27: 1248.342 | O27: 1260.6349 | P27: 1271.4087 | Q27: 1280.0568 | R27: 1287.9463 | S27: 1310.7325 | T27: 1328.9323 | U27: 1349.6854 | V27: 1368.9775 | W27: 1392.109 | X27: 1413.9365 | Y27: 1439.6726 | Z27: 1466.3068 | AA27: 1495.9838 | AB27: 1526.8777 | AC27: 1557.4247 | AD27: 1586.087 | AE27: 1611.0586 | AF27: 1634.6343 | AG27: 1660.5441 | AH27: 1686.0286 | AI27: 0.015689
B28: Combined Heat and Power 9/
A29: EGC000:ca_CoalSteam | B29: Coal | C29: 2.6815 | D29: 2.3181 | E29: 2.3181 | F29: 2.3181 | G29: 2.3181 | H29: 2.3181 | I29: 2.3181 | J29: 2.3181 | K29: 2.3181 | L29: 2.3181 | M29: 1.9981 | N29: 1.9981 | O29: 1.9981 | P29: 1.9981 | Q29: 1.9981 | R29: 1.9981 | S29: 1.9981 | T29: 1.9981 | U29: 1.9981 | V29: 1.9981 | W29: 1.9981 | X29: 1.9981 | Y29: 1.9981 | Z29: 1.9981 | AA29: 1.9981 | AB29: 1.9981 | AC29: 1.9981 | AD29: 1.9981 | AE29: 1.9981 | AF29: 1.9981 | AG29: 1.9981 | AH29: 1.9981 | AI29: -0.009445
A30: EGC000:ca_OtherFossilSt | B30: Oil and Natural Gas Steam 5/ | C30: 0.5668 | D30: 0.5668 | E30: 0.5668 | F30: 0.5668 | G30: 0.5668 | H30: 0.5668 | I30: 0.5668 | J30: 0.5668 | K30: 0.5668 | L30: 0.5668 | M30: 0.5668 | N30: 0.5668 | O30: 0.5668 | P30: 0.5668 | Q30: 0.5668 | R30: 0.5668 | S30: 0.5668 | T30: 0.5668 | U30: 0.5668 | V30: 0.5668 | W30: 0.5668 | X30: 0.5668 | Y30: 0.5668 | Z30: 0.5668 | AA30: 0.5668 | AB30: 0.5668 | AC30: 0.5668 | AD30: 0.5668 | AE30: 0.5668 | AF30: 0.5668 | AG30: 0.5668 | AH30: 0.5668 | AI30: 0
A31: EGC000:ca_CombinedCycle | B31: Combined Cycle | C31: 22.372604 | D31: 22.372604 | E31: 22.372604 | F31: 22.372604 | G31: 22.194006 | H31: 22.194006 | I31: 22.194006 | J31: 22.194006 | K31: 22.194006 | L31: 22.194006 | M31: 22.194006 | N31: 22.194006 | O31: 22.194006 | P31: 22.194006 | Q31: 22.194006 | R31: 22.194006 | S31: 22.194006 | T31: 22.194006 | U31: 22.194006 | V31: 22.194006 | W31: 22.194006 | X31: 22.194006 | Y31: 22.194006 | Z31: 22.194006 | AA31: 22.194006 | AB31: 22.194006 | AC31: 22.194006 | AD31: 22.194006 | AE31: 22.194006 | AF31: 22.194006 | AG31: 22.194006 | AH31: 22.194006 | AI31: -0.000259
A32: EGC000:ca_CombustionTur | B32: Combustion Turbine/Diesel | C32: 3.2564 | D32: 3.2069 | E32: 3.2069 | F32: 3.2069 | G32: 3.2069 | H32: 3.2069 | I32: 3.2069 | J32: 3.2069 | K32: 3.2069 | L32: 3.2069 | M32: 3.2069 | N32: 3.2069 | O32: 3.2069 | P32: 3.2069 | Q32: 3.2069 | R32: 3.2069 | S32: 3.2069 | T32: 3.2069 | U32: 3.2069 | V32: 3.2069 | W32: 3.2069 | X32: 3.2069 | Y32: 3.2069 | Z32: 3.2069 | AA32: 3.2069 | AB32: 3.2069 | AC32: 3.2069 | AD32: 3.2069 | AE32: 3.2069 | AF32: 3.2069 | AG32: 3.2069 | AH32: 3.2069 | AI32: -0.000494
A33: EGC000:ca_RenewableSour | B33: Renewable Sources 7/ | C33: 0.8592 | D33: 0.8547 | E33: 0.8547 | F33: 0.8547 | G33: 0.8547 | H33: 0.8547 | I33: 0.8547 | J33: 0.8547 | K33: 0.8547 | L33: 0.8547 | M33: 0.8547 | N33: 0.8547 | O33: 0.8547 | P33: 0.8547 | Q33: 0.8547 | R33: 0.8547 | S33: 0.8547 | T33: 0.8547 | U33: 0.8547 | V33: 0.8547 | W33: 0.8547 | X33: 0.8547 | Y33: 0.8547 | Z33: 0.8547 | AA33: 0.8547 | AB33: 0.8547 | AC33: 0.8547 | AD33: 0.8547 | AE33: 0.8547 | AF33: 0.8547 | AG33: 0.8547 | AH33: 0.8547 | AI33: -0.000169
A34: EGC000:ca_Total | B34: Total | C34: 29.736504 | D34: 29.319103 | E34: 29.319103 | F34: 29.319103 | G34: 29.140507 | H34: 29.140507 | I34: 29.140507 | J34: 29.140507 | K34: 29.140507 | L34: 29.140507 | M34: 28.820505 | N34: 28.820505 | O34: 28.820505 | P34: 28.820505 | Q34: 28.820505 | R34: 28.820505 | S34: 28.820505 | T34: 28.820505 | U34: 28.820505 | V34: 28.820505 | W34: 28.820505 | X34: 28.820505 | Y34: 28.820505 | Z34: 28.820505 | AA34: 28.820505 | AB34: 28.820505 | AC34: 28.820505 | AD34: 28.820505 | AE34: 28.820505 | AF34: 28.820505 | AG34: 28.820505 | AH34: 28.820505 | AI34: -0.001009
B36: Cumulative Planned Additions 10/
A37: EGC000:da_CoalSteam | B37: Coal | C37: - - | D37: 0 | E37: 0 | F37: 0 | G37: 0 | H37: 0 | I37: 0 | J37: 0 | K37: 0 | L37: 0 | M37: 0 | N37: 0 | O37: 0 | P37: 0 | Q37: 0 | R37: 0 | S37: 0 | T37: 0 | U37: 0 | V37: 0 | W37: 0 | X37: 0 | Y37: 0 | Z37: 0 | AA37: 0 | AB37: 0 | AC37: 0 | AD37: 0 | AE37: 0 | AF37: 0 | AG37: 0 | AH37: 0 | AI37: - -
A38: EGC000:da_OtherFossilSt | B38: Oil and Natural Gas Steam 5/ | C38: - - | D38: 0 | E38: 0.1985 | F38: 0.1985 | G38: 0.1985 | H38: 0.1985 | I38: 0.1985 | J38: 0.1985 | K38: 0.1985 | L38: 0.1985 | M38: 0.1985 | N38: 0.1985 | O38: 0.1985 | P38: 0.1985 | Q38: 0.1985 | R38: 0.1985 | S38: 0.1985 | T38: 0.1985 | U38: 0.1985 | V38: 0.1985 | W38: 0.1985 | X38: 0.1985 | Y38: 0.1985 | Z38: 0.1985 | AA38: 0.1985 | AB38: 0.1985 | AC38: 0.1985 | AD38: 0.1985 | AE38: 0.1985 | AF38: 0.1985 | AG38: 0.1985 | AH38: 0.1985 | AI38: - -
A39: EGC000:da_CombinedCycle | B39: Combined Cycle | C39: - - | D39: 5.755002 | E39: 16.178204 | F39: 17.324203 | G39: 17.324203 | H39: 17.324203 | I39: 17.324203 | J39: 17.324203 | K39: 17.324203 | L39: 17.324203 | M39: 17.324203 | N39: 17.324203 | O39: 17.324203 | P39: 17.324203 | Q39: 17.324203 | R39: 17.324203 | S39: 17.324203 | T39: 17.324203 | U39: 17.324203 | V39: 17.324203 | W39: 17.324203 | X39: 17.324203 | Y39: 17.324203 | Z39: 17.324203 | AA39: 17.324203 | AB39: 17.324203 | AC39: 17.324203 | AD39: 17.324203 | AE39: 17.324203 | AF39: 17.324203 | AG39: 17.324203 | AH39: 17.324203 | AI39: - -
A40: EGC000:da_CombustionTur | B40: Combustion Turbine/Diesel | C40: - - | D40: 2.9402 | E40: 5.484501 | F40: 5.484501 | G40: 5.484501 | H40: 5.484501 | I40: 5.484501 | J40: 5.484501 | K40: 5.484501 | L40: 5.484501 | M40: 5.484501 | N40: 5.484501 | O40: 5.484501 | P40: 5.484501 | Q40: 5.484501 | R40: 5.484501 | S40: 5.484501 | T40: 5.484501 | U40: 5.484501 | V40: 5.484501 | W40: 5.484501 | X40: 5.484501 | Y40: 5.484501 | Z40: 5.484501 | AA40: 5.484501 | AB40: 5.484501 | AC40: 5.484501 | AD40: 5.484501 | AE40: 5.484501 | AF40: 5.484501 | AG40: 5.484501 | AH40: 5.484501 | AI40: - -
A41: EGC000:da_NuclearPower | B41: Nuclear Power | C41: - - | D41: 0 | E41: 1.1 | F41: 2.2 | G41: 2.2 | H41: 2.2 | I41: 2.2 | J41: 2.2 | K41: 2.2 | L41: 2.2 | M41: 2.2 | N41: 2.2 | O41: 2.2 | P41: 2.2 | Q41: 2.2 | R41: 2.2 | S41: 2.2 | T41: 2.2 | U41: 2.2 | V41: 2.2 | W41: 2.2 | X41: 2.2 | Y41: 2.2 | Z41: 2.2 | AA41: 2.2 | AB41: 2.2 | AC41: 2.2 | AD41: 2.2 | AE41: 2.2 | AF41: 2.2 | AG41: 2.2 | AH41: 2.2 | AI41: - -
A42: EGC000:da_PumpedStorage | B42: Pumped Storage | C42: - - | D42: 0 | E42: 0 | F42: 0 | G42: 0 | H42: 0 | I42: 0 | J42: 0 | K42: 0 | L42: 0 | M42: 0 | N42: 0 | O42: 0 | P42: 0 | Q42: 0 | R42: 0 | S42: 0 | T42: 0 | U42: 0 | V42: 0 | W42: 0 | X42: 0 | Y42: 0 | Z42: 0 | AA42: 0 | AB42: 0 | AC42: 0 | AD42: 0 | AE42: 0 | AF42: 0 | AG42: 0 | AH42: 0 | AI42: - -
A43: EGC000:da_DiurnalStorag | B43: Diurnal Storage | C43: - - | D43: 1.0671 | E43: 3.3636 | F43: 3.9946 | G43: 4.6256 | H43: 5.2566 | I43: 5.699601 | J43: 6.1106 | K43: 6.521601 | L43: 6.9326 | M43: 7.343601 | N43: 7.754601 | O43: 7.754601 | P43: 7.754601 | Q43: 7.754601 | R43: 7.754601 | S43: 7.754601 | T43: 7.754601 | U43: 7.754601 | V43: 7.754601 | W43: 7.754601 | X43: 7.754601 | Y43: 7.754601 | Z43: 7.754601 | AA43: 7.754601 | AB43: 7.754601 | AC43: 7.754601 | AD43: 7.754601 | AE43: 7.754601 | AF43: 7.754601 | AG43: 7.754601 | AH43: 7.754601 | AI43: - -
A44: EGC000:da_FuelCells | B44: Fuel Cells | C44: - - | D44: 0.0251 | E44: 0.0288 | F44: 0.0288 | G44: 0.0288 | H44: 0.0288 | I44: 0.0288 | J44: 0.0288 | K44: 0.0288 | L44: 0.0288 | M44: 0.0288 | N44: 0.0288 | O44: 0.0288 | P44: 0.0288 | Q44: 0.0288 | R44: 0.0288 | S44: 0.0288 | T44: 0.0288 | U44: 0.0288 | V44: 0.0288 | W44: 0.0288 | X44: 0.0288 | Y44: 0.0288 | Z44: 0.0288 | AA44: 0.0288 | AB44: 0.0288 | AC44: 0.0288 | AD44: 0.0288 | AE44: 0.0288 | AF44: 0.0288 | AG44: 0.0288 | AH44: 0.0288 | AI44: - -
A45: EGC000:da_RenewableSour | B45: Renewable Sources 7/ | C45: - - | D45: 26.973803 | E45: 34.927605 | F45: 35.848305 | G45: 36.748302 | H45: 37.248302 | I45: 37.248302 | J45: 37.248302 | K45: 37.248302 | L45: 39.248306 | M45: 39.248306 | N45: 46.348309 | O45: 46.348309 | P45: 46.348309 | Q45: 46.348309 | R45: 46.348309 | S45: 54.548302 | T45: 54.548302 | U45: 54.548302 | V45: 54.548302 | W45: 54.548302 | X45: 54.548302 | Y45: 54.548302 | Z45: 54.548302 | AA45: 54.548302 | AB45: 54.548302 | AC45: 54.548302 | AD45: 54.548302 | AE45: 54.548302 | AF45: 54.548302 | AG45: 54.548302 | AH45: 54.548302 | AI45: - -
A46: EGC000:da_DistributedGe | B46: Distributed Generation 8/ | C46: - - | D46: 0 | E46: 0 | F46: 0 | G46: 0 | H46: 0 | I46: 0 | J46: 0 | K46: 0 | L46: 0 | M46: 0 | N46: 0 | O46: 0 | P46: 0 | Q46: 0 | R46: 0 | S46: 0 | T46: 0 | U46: 0 | V46: 0 | W46: 0 | X46: 0 | Y46: 0 | Z46: 0 | AA46: 0 | AB46: 0 | AC46: 0 | AD46: 0 | AE46: 0 | AF46: 0 | AG46: 0 | AH46: 0 | AI46: - -
A47: EGC000:da_Total | B47: Total | C47: - - | D47: 36.766212 | E47: 61.286198 | F47: 65.0839 | G47: 66.614899 | H47: 67.745895 | I47: 68.188896 | J47: 68.599899 | K47: 69.010895 | L47: 71.42189 | M47: 71.832901 | N47: 79.343903 | O47: 79.343903 | P47: 79.343903 | Q47: 79.343903 | R47: 79.343903 | S47: 87.5439 | T47: 87.5439 | U47: 87.5439 | V47: 87.5439 | W47: 87.5439 | X47: 87.5439 | Y47: 87.5439 | Z47: 87.5439 | AA47: 87.5439 | AB47: 87.5439 | AC47: 87.5439 | AD47: 87.5439 | AE47: 87.5439 | AF47: 87.5439 | AG47: 87.5439 | AH47: 87.5439 | AI47: - -
B48: Cumulative Unplanned Additions 10/
A49: EGC000:ea_CoalSteam | B49: Coal | C49: - - | D49: 0 | E49: 0 | F49: 0 | G49: 0 | H49: 0 | I49: 0 | J49: 0 | K49: 0 | L49: 0 | M49: 0 | N49: 0 | O49: 0 | P49: 0 | Q49: 0 | R49: 0 | S49: 0 | T49: 0 | U49: 0 | V49: 0 | W49: 0 | X49: 0 | Y49: 0 | Z49: 0 | AA49: 0 | AB49: 0 | AC49: 0 | AD49: 0 | AE49: 0 | AF49: 0 | AG49: 0 | AH49: 0 | AI49: - -
A50: EGC000:ea_OtherFossilSt | B50: Oil and Natural Gas Steam 5/ | C50: - - | D50: 0 | E50: 0 | F50: 0 | G50: 0 | H50: 0 | I50: 0 | J50: 0 | K50: 0 | L50: 0 | M50: 0 | N50: 0 | O50: 0 | P50: 0 | Q50: 0 | R50: 0 | S50: 0 | T50: 0 | U50: 0 | V50: 0 | W50: 0 | X50: 0 | Y50: 0 | Z50: 0 | AA50: 0 | AB50: 0 | AC50: 0 | AD50: 0 | AE50: 0 | AF50: 0 | AG50: 0 | AH50: 0 | AI50: - -
A51: EGC000:ea_CombinedCycle | B51: Combined Cycle | C51: - - | D51: 0 | E51: 0 | F51: 13.828454 | G51: 25.828114 | H51: 35.644188 | I51: 48.458748 | J51: 56.878349 | K51: 60.14782 | L51: 63.474762 | M51: 68.118355 | N51: 70.159615 | O51: 75.626816 | P51: 78.132202 | Q51: 81.93486 | R51: 85.978912 | S51: 89.876045 | T51: 95.007011 | U51: 100.17474 | V51: 105.65597 | W51: 111.69867 | X51: 116.01276 | Y51: 119.42238 | Z51: 123.18996 | AA51: 126.97652 | AB51: 128.47736 | AC51: 131.57733 | AD51: 135.5816 | AE51: 139.5979 | AF51: 142.99 | AG51: 148.43842 | AH51: 151.82779 | AI51: - -
A52: EGC000:ea_CombustionTur | B52: Combustion Turbine/Diesel | C52: - - | D52: 5.107679 | E52: 8.031866 | F52: 11.031867 | G52: 14.600579 | H52: 18.704597 | I52: 23.424221 | J52: 28.851786 | K52: 32.255527 | L52: 37.478329 | M52: 40.820255 | N52: 46.225853 | O52: 52.44228 | P52: 59.591187 | Q52: 64.009933 | R52: 68.531441 | S52: 75.108429 | T52: 79.935898 | U52: 86.74308 | V52: 91.298531 | W52: 98.343956 | X52: 103.5082 | Y52: 110.80022 | Z52: 116.53876 | AA52: 124.08601 | AB52: 132.76533 | AC52: 139.24475 | AD52: 148.22784 | AE52: 153.72844 | AF52: 163.02599 | AG52: 170.50931 | AH52: 180.1322 | AI52: - -
A53: EGC000:ea_NuclearPower | B53: Nuclear Power | C53: - - | D53: 0 | E53: 0 | F53: 0 | G53: 0 | H53: 0 | I53: 0 | J53: 0 | K53: 0 | L53: 0 | M53: 0 | N53: 0 | O53: 0 | P53: 0 | Q53: 0 | R53: 0 | S53: 0 | T53: 0 | U53: 0 | V53: 0 | W53: 0 | X53: 0 | Y53: 0 | Z53: 0 | AA53: 0 | AB53: 0 | AC53: 0 | AD53: 0 | AE53: 0 | AF53: 0 | AG53: 0 | AH53: 0 | AI53: - -
A54: EGC000:ea_PumpedStorage | B54: Pumped Storage | C54: - - | D54: 0 | E54: 0 | F54: 0 | G54: 0 | H54: 0 | I54: 0 | J54: 0 | K54: 0 | L54: 0 | M54: 0 | N54: 0 | O54: 0 | P54: 0 | Q54: 0 | R54: 0 | S54: 0 | T54: 0 | U54: 0 | V54: 0 | W54: 0 | X54: 0 | Y54: 0 | Z54: 0 | AA54: 0 | AB54: 0 | AC54: 0 | AD54: 0 | AE54: 0 | AF54: 0 | AG54: 0 | AH54: 0 | AI54: - -
A55: EGC000:ea_DiurnalStorag | B55: Diurnal Storage | C55: - - | D55: 0.19156 | E55: 0.89506 | F55: 0.89506 | G55: 0.89506 | H55: 0.89506 | I55: 0.89506 | J55: 0.89506 | K55: 0.89506 | L55: 0.89506 | M55: 0.946041 | N55: 0.946041 | O55: 0.946041 | P55: 0.946041 | Q55: 1.233065 | R55: 1.680748 | S55: 1.680748 | T55: 1.748331 | U55: 1.748331 | V55: 1.763131 | W55: 1.763131 | X55: 1.850481 | Y55: 2.289879 | Z55: 2.884603 | AA55: 2.884603 | AB55: 2.884603 | AC55: 3.51846 | AD55: 4.197856 | AE55: 5.957871 | AF55: 6.958882 | AG55: 8.242306 | AH55: 8.277095 | AI55: - -
A56: EGC000:ea_FuelCells | B56: Fuel Cells | C56: - - | D56: 0 | E56: 0 | F56: 0.007627 | G56: 0.008899 | H56: 0.008899 | I56: 0.008899 | J56: 0.008899 | K56: 0.008899 | L56: 0.038761 | M56: 0.038761 | N56: 0.038761 | O56: 0.038761 | P56: 0.038761 | Q56: 0.038761 | R56: 0.038761 | S56: 0.038761 | T56: 0.038761 | U56: 0.038761 | V56: 0.038761 | W56: 0.038761 | X56: 0.038761 | Y56: 0.038761 | Z56: 0.038761 | AA56: 0.038761 | AB56: 0.038761 | AC56: 0.038761 | AD56: 0.038761 | AE56: 0.038761 | AF56: 0.038761 | AG56: 0.038761 | AH56: 0.038761 | AI56: - -
A57: EGC000:ea_RenewableSour | B57: Renewable Sources 7/ | C57: - - | D57: 0 | E57: 10.824091 | F57: 43.645054 | G57: 63.712299 | H57: 76.402817 | I57: 94.047096 | J57: 107.86947 | K57: 117.17295 | L57: 124.31552 | M57: 138.12082 | N57: 147.01431 | O57: 148.25577 | P57: 150.05315 | Q57: 152.25543 | R57: 153.71617 | S57: 157.64412 | T57: 164.54954 | U57: 171.56357 | V57: 180.42239 | W57: 189.01643 | X57: 199.88489 | Y57: 212.36029 | Z57: 226.74335 | AA57: 243.24477 | AB57: 261.14529 | AC57: 279.30429 | AD57: 291.09308 | AE57: 301.85156 | AF57: 309.33496 | AG57: 317.91916 | AH57: 326.85275 | AI57: - -
A58: EGC000:ea_DistributedGe | B58: Distributed Generation 8/ | C58: - - | D58: 0 | E58: 3.713591 | F58: 4.16767 | G58: 4.547616 | H58: 4.986972 | I58: 5.449234 | J58: 5.961385 | K58: 6.592154 | L58: 7.471827 | M58: 8.539021 | N58: 9.53553 | O58: 10.636311 | P58: 11.831466 | Q58: 12.989717 | R58: 14.554209 | S58: 16.432066 | T58: 18.254663 | U58: 20.558561 | V58: 22.902798 | W58: 25.320221 | X58: 27.838015 | Y58: 30.430658 | Z58: 32.999897 | AA58: 35.882656 | AB58: 38.735401 | AC58: 41.726345 | AD58: 44.878906 | AE58: 47.995968 | AF58: 51.195477 | AG58: 54.537045 | AH58: 57.978287 | AI58: - -
A59: EGC000:ea_Total | B59: Total | C59: - - | D59: 5.299239 | E59: 23.464607 | F59: 73.575714 | G59: 109.59257 | H59: 136.6425 | I59: 172.28325 | J59: 200.46498 | K59: 217.07237 | L59: 233.67425 | M59: 256.58328 | N59: 273.92007 | O59: 287.94601 | P59: 300.59277 | Q59: 312.46185 | R59: 324.50031 | S59: 340.78012 | T59: 359.53415 | U59: 380.82709 | V59: 402.08173 | W59: 426.18121 | X59: 449.13321 | Y59: 475.34207 | Z59: 502.39542 | AA59: 533.11334 | AB59: 564.04694 | AC59: 595.41003 | AD59: 624.01855 | AE59: 649.17102 | AF59: 673.54425 | AG59: 699.685 | AH59: 725.10706 | AI59: - -
A60: EGC000:ea_CumulativeEle | B60: Cumulative Electric Power Sector Additions 10 | C60: - - | D60: 42.065453 | E60: 84.750809 | F60: 138.65961 | G60: 176.20746 | H60: 204.3884 | I60: 240.47214 | J60: 269.06488 | K60: 286.08325 | L60: 305.09613 | M60: 328.41617 | N60: 353.26398 | O60: 367.28992 | P60: 379.93668 | Q60: 391.80576 | R60: 403.84421 | S60: 428.32404 | T60: 447.07806 | U60: 468.37097 | V60: 489.62561 | W60: 513.7251 | X60: 536.67712 | Y60: 562.88599 | Z60: 589.93933 | AA60: 620.65723 | AB60: 651.59082 | AC60: 682.95392 | AD60: 711.56244 | AE60: 736.71491 | AF60: 761.08813 | AG60: 787.22888 | AH60: 812.65094 | AI60: - -
B62: Cumulative Retirements 11/
A63: EGC000:fa_CoalSteam | B63: Coal | C63: - - | D63: 7.6513 | E63: 10.3857 | F63: 23.942596 | G63: 41.405003 | H63: 59.140095 | I63: 86.780823 | J63: 89.706848 | K63: 90.984543 | L63: 92.31955 | M63: 94.574539 | N63: 95.209549 | O63: 95.441544 | P63: 95.533844 | Q63: 95.533844 | R63: 96.692139 | S63: 97.568146 | T63: 98.250656 | U63: 98.785141 | V63: 100.43864 | W63: 100.77765 | X63: 100.77765 | Y63: 101.11764 | Z63: 101.11764 | AA63: 101.11764 | AB63: 101.11764 | AC63: 101.53265 | AD63: 101.53265 | AE63: 101.76465 | AF63: 101.76465 | AG63: 101.98965 | AH63: 101.98965 | AI63: - -
A64: EGC000:fa_OtherFossilSt | B64: Oil and Natural Gas Steam 5/ | C64: - - | D64: 2.433599 | E64: 8.663702 | F64: 13.732802 | G64: 16.024902 | H64: 18.459 | I64: 21.614605 | J64: 23.229801 | K64: 23.746799 | L64: 24.280796 | M64: 26.037197 | N64: 26.485195 | O64: 27.503399 | P64: 29.355404 | Q64: 30.623802 | R64: 31.151901 | S64: 32.130901 | T64: 32.130901 | U64: 32.130901 | V64: 32.461903 | W64: 32.461903 | X64: 32.461903 | Y64: 32.461903 | Z64: 32.461903 | AA64: 32.461903 | AB64: 32.461903 | AC64: 32.461903 | AD64: 32.461903 | AE64: 32.461903 | AF64: 32.541904 | AG64: 32.541904 | AH64: 32.541904 | AI64: - -
A65: EGC000:fa_CombinedCycle | B65: Combined Cycle | C65: - - | D65: 0.7376 | E65: 1.2996 | F65: 1.5431 | G65: 2.8249 | H65: 3.962799 | I65: 4.504402 | J65: 4.609802 | K65: 4.609802 | L65: 4.609802 | M65: 4.609802 | N65: 4.733401 | O65: 5.294901 | P65: 5.319901 | Q65: 5.388902 | R65: 5.734602 | S65: 5.734602 | T65: 5.734602 | U65: 5.734602 | V65: 5.734602 | W65: 6.363602 | X65: 6.363602 | Y65: 6.446602 | Z65: 6.948602 | AA65: 6.948602 | AB65: 7.004002 | AC65: 7.509102 | AD65: 7.509102 | AE65: 7.509102 | AF65: 8.260601 | AG65: 8.263601 | AH65: 8.263601 | AI65: - -
A66: EGC000:fa_CombustionTur | B66: Combustion Turbine/Diesel | C66: - - | D66: 0.6125 | E66: 0.9066 | F66: 1.0225 | G66: 1.1926 | H66: 1.4815 | I66: 1.4935 | J66: 2.1824 | K66: 2.722 | L66: 2.722 | M66: 2.7255 | N66: 2.7255 | O66: 2.7255 | P66: 2.7255 | Q66: 2.7255 | R66: 2.7965 | S66: 2.8135 | T66: 2.818 | U66: 2.85 | V66: 2.8547 | W66: 2.8547 | X66: 2.8547 | Y66: 3.0637 | Z66: 3.0957 | AA66: 3.0957 | AB66: 3.0957 | AC66: 3.0957 | AD66: 3.0957 | AE66: 3.0957 | AF66: 3.0957 | AG66: 3.1393 | AH66: 3.1393 | AI66: - -
A67: EGC000:fa_NuclearPower | B67: Nuclear Power | C67: - - | D67: 1.0185 | E67: 4.4657 | F67: 5.2699 | G67: 5.2699 | H67: 5.2699 | I67: 8.562901 | J67: 17.4046 | K67: 17.4046 | L67: 17.4046 | M67: 17.4046 | N67: 17.4046 | O67: 17.4046 | P67: 17.4046 | Q67: 19.380602 | R67: 21.514601 | S67: 21.514601 | T67: 21.514601 | U67: 21.514601 | V67: 21.514601 | W67: 21.514601 | X67: 22.6826 | Y67: 22.6826 | Z67: 22.6826 | AA67: 23.8346 | AB67: 23.8346 | AC67: 23.8346 | AD67: 23.8346 | AE67: 23.8346 | AF67: 23.8346 | AG67: 23.8346 | AH67: 23.8346 | AI67: - -
A68: EGC000:fa_PumpedStorage | B68: Pumped Storage | C68: - - | D68: 0 | E68: 0 | F68: 0 | G68: 0 | H68: 0 | I68: 0 | J68: 0 | K68: 0 | L68: 0 | M68: 0 | N68: 0 | O68: 0 | P68: 0 | Q68: 0 | R68: 0 | S68: 0 | T68: 0 | U68: 0 | V68: 0 | W68: 0 | X68: 0 | Y68: 0 | Z68: 0 | AA68: 0 | AB68: 0 | AC68: 0 | AD68: 0 | AE68: 0 | AF68: 0 | AG68: 0 | AH68: 0 | AI68: - -
A69: EGC000:fa_DiurnalStorag | B69: Diurnal Storage | C69: - - | D69: 0 | E69: 0 | F69: 0 | G69: 0 | H69: 0.001 | I69: 0.001 | J69: 0.001 | K69: 0.001 | L69: 0.001 | M69: 0.001 | N69: 0.001 | O69: 0.001 | P69: 0.001 | Q69: 0.001 | R69: 0.001 | S69: 0.001 | T69: 0.001 | U69: 0.001 | V69: 0.001 | W69: 0.001 | X69: 0.001 | Y69: 0.001 | Z69: 0.001 | AA69: 0.001 | AB69: 0.001 | AC69: 0.001 | AD69: 0.001 | AE69: 0.001 | AF69: 0.001 | AG69: 0.001 | AH69: 0.001 | AI69: - -
A70: EGC000:fa_FuelCells | B70: Fuel Cells | C70: - - | D70: 0.0011 | E70: 0.0011 | F70: 0.0011 | G70: 0.0011 | H70: 0.0011 | I70: 0.0011 | J70: 0.0011 | K70: 0.0011 | L70: 0.0011 | M70: 0.0011 | N70: 0.0011 | O70: 0.0011 | P70: 0.0011 | Q70: 0.0011 | R70: 0.0011 | S70: 0.0011 | T70: 0.0011 | U70: 0.0011 | V70: 0.0011 | W70: 0.0011 | X70: 0.0011 | Y70: 0.0011 | Z70: 0.0011 | AA70: 0.0011 | AB70: 0.0011 | AC70: 0.0011 | AD70: 0.0011 | AE70: 0.0011 | AF70: 0.0011 | AG70: 0.0011 | AH70: 0.0011 | AI70: - -
A71: EGC000:fa_RenewableSour | B71: Renewable Sources 7/ | C71: - - | D71: 0.0785 | E71: 0.0785 | F71: 0.0785 | G71: 0.1049 | H71: 0.1209 | I71: 0.1254 | J71: 0.1254 | K71: 0.13 | L71: 0.1492 | M71: 0.2286 | N71: 0.2286 | O71: 0.2886 | P71: 0.2886 | Q71: 0.2886 | R71: 0.2886 | S71: 0.2886 | T71: 0.2886 | U71: 0.2886 | V71: 0.2886 | W71: 0.2886 | X71: 0.2886 | Y71: 0.2886 | Z71: 0.2886 | AA71: 0.2886 | AB71: 0.3685 | AC71: 0.3685 | AD71: 0.3685 | AE71: 0.3715 | AF71: 0.3715 | AG71: 0.3715 | AH71: 0.3715 | AI71: - -
A72: EGC000:fa_Total | B72: Total | C72: - - | D72: 12.533102 | E72: 25.800896 | F72: 45.590488 | G72: 66.823288 | H72: 88.436279 | I72: 123.08375 | J72: 137.26097 | K72: 139.59987 | L72: 141.52409 | M72: 145.61839 | N72: 146.825 | O72: 148.69669 | P72: 150.66599 | Q72: 153.97937 | R72: 158.21646 | S72: 160.08846 | T72: 160.77548 | U72: 161.34196 | V72: 163.33118 | W72: 164.29916 | X72: 165.46713 | Y72: 166.09914 | Z72: 166.63313 | AA72: 167.78513 | AB72: 167.92044 | AC72: 168.84055 | AD72: 168.84055 | AE72: 169.07555 | AF72: 169.90704 | AG72: 170.17862 | AH72: 170.17862 | AI72: - -
A74: EGC000:ga_TotalElectric | B74: Total Electric Power Sector Capacity | C74: 1070.3231 | D74: 1099.8505 | E74: 1129.2682 | F74: 1163.4343 | G74: 1179.7932 | H74: 1186.412 | I74: 1187.8793 | J74: 1202.326 | K74: 1217.0406 | L74: 1234.1646 | M74: 1253.4352 | N74: 1277.1626 | O74: 1289.4554 | P74: 1300.2292 | Q74: 1308.8773 | R74: 1316.7668 | S74: 1339.5531 | T74: 1357.7528 | U74: 1378.506 | V74: 1397.7981 | W74: 1420.9296 | X74: 1442.7571 | Y74: 1468.4932 | Z74: 1495.1273 | AA74: 1524.8043 | AB74: 1555.6982 | AC74: 1586.2452 | AD74: 1614.9076 | AE74: 1639.8791 | AF74: 1663.4548 | AG74: 1689.3646 | AH74: 1714.8491 | AI74: 0.015321
B76: End-Use Generators 12/
A77: EGC000:ha_Coal | B77: Coal | C77: 2.760983 | D77: 2.708691 | E77: 2.63982 | F77: 2.613169 | G77: 2.603872 | H77: 2.581956 | I77: 2.557066 | J77: 2.535702 | K77: 2.509844 | L77: 2.485431 | M77: 2.461249 | N77: 2.438992 | O77: 2.416299 | P77: 2.394504 | Q77: 2.372611 | R77: 2.349526 | S77: 2.325935 | T77: 2.303257 | U77: 2.28105 | V77: 2.259307 | W77: 2.237217 | X77: 2.215226 | Y77: 2.192349 | Z77: 2.170308 | AA77: 2.148004 | AB77: 2.125529 | AC77: 2.102982 | AD77: 2.080761 | AE77: 2.058508 | AF77: 2.036169 | AG77: 2.013278 | AH77: 1.989938 | AI77: -0.010508
A78: EGC000:ha_Petroleum | B78: Petroleum | C78: 0.453846 | D78: 0.453874 | E78: 0.411941 | F78: 0.412035 | G78: 0.412128 | H78: 0.412256 | I78: 0.412354 | J78: 0.412458 | K78: 0.412531 | L78: 0.4126 | M78: 0.412647 | N78: 0.41268 | O78: 0.412701 | P78: 0.412701 | Q78: 0.412687 | R78: 0.412672 | S78: 0.412653 | T78: 0.412637 | U78: 0.412647 | V78: 0.412671 | W78: 0.412709 | X78: 0.412761 | Y78: 0.412822 | Z78: 0.412897 | AA78: 0.412989 | AB78: 0.413069 | AC78: 0.413158 | AD78: 0.41327 | AE78: 0.413408 | AF78: 0.413526 | AG78: 0.413643 | AH78: 0.413744 | AI78: -0.00298
A79: EGC000:ha_NaturalGas | B79: Natural Gas | C79: 16.298664 | D79: 17.94099 | E79: 18.110426 | F79: 18.436617 | G79: 18.758444 | H79: 19.095041 | I79: 19.427498 | J79: 19.772526 | K79: 20.118828 | L79: 20.471178 | M79: 20.832165 | N79: 21.163128 | O79: 21.534235 | P79: 21.931553 | Q79: 22.24692 | R79: 22.696594 | S79: 23.129143 | T79: 23.539885 | U79: 23.94776 | V79: 24.421848 | W79: 24.914476 | X79: 25.369009 | Y79: 25.909945 | Z79: 26.511009 | AA79: 27.127932 | AB79: 27.786634 | AC79: 28.544798 | AD79: 29.265436 | AE79: 30.128891 | AF79: 31.014189 | AG79: 31.979408 | AH79: 33.035477 | AI79: 0.023052
A80: EGC000:ha_OtherGaseousF | B80: Other Gaseous Fuels 13/ | C80: 3.25185 | D80: 3.25185 | E80: 3.16162 | F80: 3.192882 | G80: 3.196167 | H80: 3.204073 | I80: 3.204073 | J80: 3.204073 | K80: 3.204073 | L80: 3.204073 | M80: 3.204073 | N80: 3.19073 | O80: 3.193351 | P80: 3.203139 | Q80: 3.164067 | R80: 3.187058 | S80: 3.194961 | T80: 3.183387 | U80: 3.161628 | V80: 3.162316 | W80: 3.165419 | X80: 3.141592 | Y80: 3.142978 | Z80: 3.154846 | AA80: 3.158177 | AB80: 3.160347 | AC80: 3.191222 | AD80: 3.177125 | AE80: 3.202758 | AF80: 3.204073 | AG80: 3.204073 | AH80: 3.204073 | AI80: -0.000477
A81: EGC000:ha_RenewableSour | B81: Renewable Sources 7/ | C81: 35.857658 | D81: 41.082752 | E81: 46.674225 | F81: 51.053017 | G81: 54.51273 | H81: 57.51334 | I81: 61.176117 | J81: 64.874283 | K81: 68.530647 | L81: 71.887077 | M81: 75.309036 | N81: 79.03096 | O81: 82.055443 | P81: 85.001564 | Q81: 88.26223 | R81: 91.569557 | S81: 94.510895 | T81: 97.956337 | U81: 101.00683 | V81: 104.47358 | W81: 107.64436 | X81: 110.73962 | Y81: 113.99026 | Z81: 117.26754 | AA81: 120.52076 | AB81: 123.993 | AC81: 127.32304 | AD81: 131.00328 | AE81: 134.57752 | AF81: 138.08592 | AG81: 141.45946 | AH81: 145.0538 | AI81: 0.046114
A82: EGC000:ha_Other | B82: Other 14/ | C82: 0.4111 | D82: 0.4111 | E82: 0.4731 | F82: 0.4731 | G82: 0.4731 | H82: 0.4731 | I82: 0.4731 | J82: 0.4731 | K82: 0.4731 | L82: 0.4731 | M82: 0.4731 | N82: 0.4731 | O82: 0.4731 | P82: 0.4731 | Q82: 0.4731 | R82: 0.4731 | S82: 0.4731 | T82: 0.4731 | U82: 0.4731 | V82: 0.4731 | W82: 0.4731 | X82: 0.4731 | Y82: 0.4731 | Z82: 0.4731 | AA82: 0.4731 | AB82: 0.4731 | AC82: 0.4731 | AD82: 0.4731 | AE82: 0.4731 | AF82: 0.4731 | AG82: 0.4731 | AH82: 0.4731 | AI82: 0.004542
A83: EGC000:ha_Total | B83: Total | C83: 59.034103 | D83: 65.849258 | E83: 71.471138 | F83: 76.180817 | G83: 79.956444 | H83: 83.27977 | I83: 87.250206 | J83: 91.272141 | K83: 95.249023 | L83: 98.933456 | M83: 102.69227 | N83: 106.70959 | O83: 110.08513 | P83: 113.41657 | Q83: 116.93161 | R83: 120.68851 | S83: 124.04668 | T83: 127.8686 | U83: 131.28301 | V83: 135.20282 | W83: 138.84727 | X83: 142.3513 | Y83: 146.12146 | Z83: 149.9897 | AA83: 153.84096 | AB83: 157.95167 | AC83: 162.04831 | AD83: 166.41298 | AE83: 170.85419 | AF83: 175.22699 | AG83: 179.54295 | AH83: 184.17013 | AI83: 0.037383
A85: EGC000:ia_CumulativeCap | B85: Cumulative Capacity Additions 10/ | C85: - - | D85: 6.893586 | E85: 13.364277 | F85: 18.100609 | G85: 21.885534 | H85: 25.230776 | I85: 29.226112 | J85: 33.269405 | K85: 37.272129 | L85: 40.980976 | M85: 44.763962 | N85: 48.843628 | O85: 52.241859 | P85: 55.649109 | Q85: 59.303402 | R85: 63.083378 | S85: 66.47274 | T85: 70.352089 | U85: 73.857117 | V85: 77.798698 | W85: 81.465225 | X85: 85.06868 | Y85: 88.861702 | Z85: 92.781883 | AA85: 96.696648 | AB85: 100.82985 | AC85: 104.94907 | AD85: 109.37826 | AE85: 113.84172 | AF85: 118.23689 | AG85: 122.57851 | AH85: 127.22903 | AI85: - -
B87: 1/ Net summer capacity is the steady hourly output that generating equipment is expected to supply to
B88: system load (exclusive of auxiliary power), as demonstrated by tests during summer peak demand.
B89: 2/ Includes electricity-only and combined heat and power plants that have a regulatory status.
B90: 3/ Includes plants that only produce electricity and that have a regulatory status. Includes capacity increases (uprates) at existing units.
B91: 4/ Total coal and oil and natural gas steam capacity account for the conversion of coal capacity to gas steam capacity, but the conversions
B92: are not included explicitly as additions or retirements. No planned conversions are assumed. The totals reflect any conversions projected by
B93: the model.
B94: 5/ Includes oil-, gas-, and dual-fired capacity.
B95: 6/ Nuclear capacity includes 2.1 gigawatts of uprates.
B96: 7/ Includes conventional hydroelectric, geothermal, wood, wood waste, all municipal waste, landfill gas,
B97: other biomass, solar, and wind power. Facilities co-firing biomass and coal are classified as coal.
B98: 8/ Primarily peak-load capacity fueled by natural gas.
... B111: Energy Modeling System run ref2020.d112119a. Projections: EIA, AEO2020 National Energy Modeling System run ref2020.d112119a.

Sheet AEO Table 9 (2019)
B1: ref2019.d111618a | C1: 2017 | D1: 2018 | E1: 2019 | F1: 2020 | G1: 2021 | H1: 2022 | I1: 2023 | J1: 2024 | K1: 2025 | L1: 2026 | M1: 2027 | N1: 2028 | O1: 2029 | P1: 2030 | Q1: 2031 | R1: 2032 | S1: 2033 | T1: 2034 | U1: 2035 | V1: 2036 | W1: 2037 | X1: 2038 | Y1: 2039 | Z1: 2040 | AA1: 2041 | AB1: 2042 | AC1: 2043 | AD1: 2044 | AE1: 2045 | AF1: 2046 | AG1: 2047 | AH1: 2048 | AI1: 2049 | AJ1: 2050
C3: Report | D3: Annual Energy Outlook 2019
C4: Scenario | D4: ref2019 | G4: Reference case
C5: Datekey | D5: d111618a
C6: Release Date | E6: January 2019
A10: EGC000 | B10: 9. Electricity Generating Capacity
B11: (gigawatts)
AK12: 2018-
B13: Net Summer Capacity 1/ | C13: 2017 | D13: 2018 | E13: 2019 | F13: 2020 | G13: 2021 | H13: 2022 | I13: 2023 | J13: 2024 | K13: 2025 | L13: 2026 | M13: 2027 | N13: 2028 | O13: 2029 | P13: 2030 | Q13: 2031 | R13: 2032 | S13: 2033 | T13: 2034 | U13: 2035 | V13: 2036 | W13: 2037 | X13: 2038 | Y13: 2039 | Z13: 2040 | AA13: 2041 | AB13: 2042 | AC13: 2043 | AD13: 2044 | AE13: 2045 | AF13: 2046 | AG13: 2047 | AH13: 2048 | AI13: 2049 | AJ13: 2050 | AK13: 2050
B15: Electric Power Sector 2/
B16: Power Only 3/
A17: EGC000:ba_CoalSteam | B17: Coal 4/ | C17: 249.06146 | D17: 236.69867 | E17: 229.95035 | F17: 227.71237 | G17: 219.57416 | H17: 211.28442 | I17: 199.18562 | J17: 186.92104 | K17: 176.33551 | L17: 171.035 | M17: 167.38042 | N17: 165.30002 | O17: 164.75401 | P17: 161.84201 | Q17: 159.19803 | R17: 154.03201 | S17: 154.03201 | T17: 151.13092 | U17: 151.13092 | V17: 151.13092 | W17: 149.96681 | X17: 149.96681 | Y17: 149.96681 | Z17: 149.96681 | AA17: 148.74982 | AB17: 148.74982 | AC17: 148.18581 | AD17: 148.18581 | AE17: 148.18581 | AF17: 148.18581 | AG17: 148.18581 | AH17: 148.18581 | AI17: 148.18581 | AJ17: 148.18581 | AK17: -0.014528
A18: EGC000:ba_OtherFossilSt | B18: Oil and Natural Gas Steam 4, 5/ | C18: 86.23291 | D18: 82.614105 | E18: 80.766106 | F18: 79.24321 | G18: 72.473808 | H18: 70.327507 | I18: 68.559906 | J18: 65.484306 | K18: 64.027115 | L18: 60.366714 | M18: 59.844711 | N18: 59.045212 | O18: 57.401909 | P18: 57.401909 | Q18: 57.291908 | R18: 57.62291 | S18: 57.387909 | T18: 57.307907 | U18: 57.208908 | V18: 56.908905 | W18: 56.908905 | X18: 56.686905 | Y18: 56.686905 | Z18: 56.686905 | AA18: 56.464905 | AB18: 56.067909 | AC18: 56.067909 | AD18: 56.067909 | AE18: 55.94191 | AF18: 55.94191 | AG18: 55.94191 | AH18: 55.94191 | AI18: 55.94191 | AJ18: 55.94191 | AK18: -0.012109
A19: EGC000:ba_CombinedCycle | B19: Combined Cycle | C19: 215.54413 | D19: 233.12274 | E19: 239.77252 | F19: 249.41815 | G19: 264.58447 | H19: 270.8075 | I19: 280.61087 | J19: 293.17587 | K19: 307.1662 | L19: 315.12601 | M19: 323.8457 | N19: 328.71765 | O19: 333.69891 | P19: 343.76288 | Q19: 349.28546 | R19: 359.42764 | S19: 366.74774 | T19: 377.36493 | U19: 380.44986 | V19: 386.4592 | W19: 396.43655 | X19: 399.53067 | Y19: 405.84891 | Z19: 412.29587 | AA19: 420.32761 | AB19: 425.83252 | AC19: 432.41736 | AD19: 439.58905 | AE19: 447.87683 | AF19: 454.92938 | AG19: 458.05414 | AH19: 464.36188 | AI19: 468.72095 | AJ19: 475.17969 | AK19: 0.022503
A20: EGC000:ba_CombustionTur | B20: Combustion Turbine/Diesel | C20: 137.23004 | D20: 138.84142 | E20: 146.10204 | F20: 152.69632 | G20: 151.33931 | H20: 151.80185 | I20: 151.59367 | J20: 151.94437 | K20: 152.63406 | L20: 153.4108 | M20: 155.21005 | N20: 156.07605 | O20: 155.95046 | P20: 156.04567 | Q20: 156.9455 | R20: 157.26398 | S20: 157.68308 | T20: 157.70822 | U20: 158.82886 | V20: 159.68265 | W20: 159.68265 | X20: 160.39127 | Y20: 161.88388 | Z20: 163.28613 | AA20: 163.7605 | AB20: 165.28421 | AC20: 165.60088 | AD20: 167.21106 | AE20: 168.97247 | AF20: 170.98743 | AG20: 173.50467 | AH20: 176.40558 | AI20: 179.74164 | AJ20: 181.77669 | AK20: 0.008456
A21: EGC000:ba_NuclearPower | B21: Nuclear Power 6/ | C21: 99.628906 | D21: 99.06221 | E21: 98.047211 | F21: 96.152817 | G21: 92.892105 | H21: 89.331314 | I21: 85.948807 | J21: 85.948807 | K21: 82.725403 | L21: 81.607407 | M21: 81.607407 | N21: 81.607407 | O21: 81.632431 | P21: 81.682457 | Q21: 81.757538 | R21: 80.424637 | S21: 80.549774 | T21: 80.674896 | U21: 80.800034 | V21: 80.925156 | W21: 81.050285 | X21: 81.175415 | Y21: 81.300552 | Z21: 81.425674 | AA21: 81.550812 | AB21: 81.675934 | AC21: 81.801071 | AD21: 81.926193 | AE21: 82.051331 | AF21: 82.176453 | AG21: 82.30159 | AH21: 82.426712 | AI21: 82.551849 | AJ21: 82.676979 | AK21: -0.005634
A22: EGC000:ba_PumpedStorage | B22: Pumped Storage | C22: 22.810404 | D22: 22.810404 | E22: 22.810404 | F22: 22.810404 | G22: 22.810404 | H22: 22.810404 | I22: 22.810404 | J22: 22.810404 | K22: 22.810404 | L22: 22.810404 | M22: 22.810404 | N22: 22.810404 | O22: 22.810404 | P22: 22.810404 | Q22: 22.810404 | R22: 22.810404 | S22: 22.810404 | T22: 22.810404 | U22: 22.810404 | V22: 22.810404 | W22: 22.810404 | X22: 22.810404 | Y22: 22.810404 | Z22: 22.810404 | AA22: 22.810404 | AB22: 22.810404 | AC22: 22.810404 | AD22: 22.810404 | AE22: 22.810404 | AF22: 22.810404 | AG22: 22.810404 | AH22: 22.810404 | AI22: 22.810404 | AJ22: 22.810404 | AK22: 0
A23: EGC000:ba_DiurnalStorag | B23: Diurnal Storage | C23: 0.5922 | D23: 0.7525 | E23: 0.7985 | F23: 0.9195 | G23: 1.1695 | H23: 1.4195 | I23: 1.6695 | J23: 1.9185 | K23: 1.9185 | L23: 1.9185 | M23: 1.9185 | N23: 1.9185 | O23: 1.9185 | P23: 1.9185 | Q23: 4.7155 | R23: 5.71344 | S23: 5.71344 | T23: 6.47543 | U23: 8.001458 | V23: 9.272899 | W23: 9.281306 | X23: 12.197307 | Y23: 12.439215 | Z23: 15.457274 | AA23: 18.583275 | AB23: 18.818813 | AC23: 20.16357 | AD23: 20.803711 | AE23: 21.957172 | AF23: 23.104578 | AG23: 26.104578 | AH23: 27.820377 | AI23: 27.820377 | AJ23: 30.820377 | AK23: 0.123014
A24: EGC000:ba_FuelCells | B24: Fuel Cells | C24: 0.101 | D24: 0.1024 | E24: 0.1176 | F24: 0.1165 | G24: 0.116581 | H24: 0.116662 | I24: 0.116743 | J24: 0.116824 | K24: 0.116905 | L24: 0.116986 | M24: 0.117067 | N24: 0.117148 | O24: 0.117229 | P24: 0.11731 | Q24: 0.117391 | R24: 0.117472 | S24: 0.117554 | T24: 0.11761 | U24: 0.117636 | V24: 0.117647 | W24: 0.117653 | X24: 0.117659 | Y24: 0.11766 | Z24: 0.117661 | AA24: 0.117662 | AB24: 0.117663 | AC24: 0.117664 | AD24: 0.117665 | AE24: 0.117666 | AF24: 0.119976 | AG24: 0.121998 | AH24: 0.121998 | AI24: 0.121998 | AJ24: 0.123569 | AK24: 0.00589
A25: EGC000:ba_RenewableSour | B25: Renewable Sources 7/ | C25: 201.2106 | D25: 214.30002 | E25: 229.26296 | F25: 241.68622 | G25: 256.39145 | H25: 267.14679 | I25: 278.43472 | J25: 281.96027 | K25: 285.54477 | L25: 288.06873 | M25: 291.60843 | N25: 295.24518 | O25: 301.88184 | P25: 304.16019 | Q25: 310.39307 | R25: 311.0546 | S25: 314.80356 | T25: 320.61948 | U25: 327.44125 | V25: 336.38538 | W25: 344.79001 | X25: 354.46924 | Y25: 365.72253 | Z25: 366.69189 | AA25: 377.93118 | AB25: 379.31778 | AC25: 391.2876 | AD25: 393.42416 | AE25: 397.17783 | AF25: 409.83667 | AG25: 423.1261 | AH25: 425.9631 | AI25: 438.77341 | AJ25: 446.2323 | AK25: 0.023185
A26: EGC000:ba_DistributedGe | B26: Distributed Generation (Natural Gas) 8/ | C26: 0 | D26: 0 | E26: 0 | F26: 1.549955 | G26: 1.737015 | H26: 1.921614 | I26: 2.130025 | J26: 2.381044 | K26: 2.674073 | L26: 3.043898 | M26: 3.439239 | N26: 3.898479 | O26: 4.413876 | P26: 4.959581 | Q26: 5.466499 | R26: 6.112264 | S26: 6.757843 | T26: 7.521287 | U26: 8.406585 | V26: 9.365047 | W26: 10.470657 | X26: 11.609406 | Y26: 12.832676 | Z26: 14.179006 | AA26: 15.613872 | AB26: 17.131451 | AC26: 18.72057 | AD26: 20.528061 | AE26: 22.37632 | AF26: 24.270847 | AG26: 26.195223 | AH26: 27.978928 | AI26: 29.72471 | AJ26: 31.575861 | AK26: - -
A27: EGC000:ba_Total | B27: Total | C27: 1012.4117 | D27: 1028.3044 | E27: 1047.6278 | F27: 1072.3055 | G27: 1083.0889 | H27: 1086.9677 | I27: 1091.0604 | J27: 1092.6614 | K27: 1095.9529 | L27: 1097.5044 | M27: 1107.7819 | N27: 1114.736 | O27: 1124.5796 | P27: 1134.7009 | Q27: 1147.9813 | R27: 1154.5795 | S27: 1166.6034 | T27: 1181.7311 | U27: 1195.1959 | V27: 1213.0582 | W27: 1231.5153 | X27: 1248.9551 | Y27: 1269.6095 | Z27: 1282.9176 | AA27: 1305.91 | AB27: 1315.8065 | AC27: 1337.173 | AD27: 1350.6641 | AE27: 1367.4678 | AF27: 1392.3635 | AG27: 1416.3464 | AH27: 1432.0167 | AI27: 1454.3931 | AJ27: 1475.3236 | AK27: 0.011344
B28: Combined Heat and Power 9/
A29: EGC000:ca_CoalSteam | B29: Coal | C29: 3.1323 | D29: 2.9877 | E29: 2.9877 | F29: 2.6821 | G29: 2.6821 | H29: 2.6821 | I29: 2.6821 | J29: 2.6821 | K29: 2.6821 | L29: 2.6821 | M29: 2.6821 | N29: 2.6821 | O29: 2.6821 | P29: 2.6821 | Q29: 2.6821 | R29: 2.6821 | S29: 2.6821 | T29: 2.6821 | U29: 2.6821 | V29: 2.6821 | W29: 2.6821 | X29: 2.6821 | Y29: 2.6821 | Z29: 2.6821 | AA29: 2.6821 | AB29: 2.6821 | AC29: 2.6821 | AD29: 2.6821 | AE29: 2.6821 | AF29: 2.6821 | AG29: 2.6821 | AH29: 2.6821 | AI29: 2.6821 | AJ29: 2.6821 | AK29: -0.003366
A30: EGC000:ca_OtherFossilSt | B30: Oil and Natural Gas Steam 5/ | C30: 0.6062 | D30: 0.6062 | E30: 0.6062 | F30: 0.6062 | G30: 0.6062 | H30: 0.6062 | I30: 0.6062 | J30: 0.6062 | K30: 0.6062 | L30: 0.6062 | M30: 0.6062 | N30: 0.6062 | O30: 0.6062 | P30: 0.6062 | Q30: 0.6062 | R30: 0.6062 | S30: 0.6062 | T30: 0.6062 | U30: 0.6062 | V30: 0.6062 | W30: 0.6062 | X30: 0.6062 | Y30: 0.6062 | Z30: 0.6062 | AA30: 0.6062 | AB30: 0.6062 | AC30: 0.6062 | AD30: 0.6062 | AE30: 0.6062 | AF30: 0.6062 | AG30: 0.6062 | AH30: 0.6062 | AI30: 0.6062 | AJ30: 0.6062 | AK30: 0
A31: EGC000:ca_CombinedCycle | B31: Combined Cycle | C31: 23.5755 | D31: 23.386599 | E31: 23.336599 | F31: 23.564598 | G31: 23.564598 | H31: 23.564598 | I31: 23.385998 | J31: 23.385998 | K31: 23.385998 | L31: 23.385998 | M31: 23.385998 | N31: 23.385998 | O31: 23.385998 | P31: 23.385998 | Q31: 23.385998 | R31: 23.385998 | S31: 23.385998 | T31: 23.385998 | U31: 23.385998 | V31: 23.385998 | W31: 23.385998 | X31: 23.385998 | Y31: 23.385998 | Z31: 23.385998 | AA31: 23.385998 | AB31: 23.385998 | AC31: 23.385998 | AD31: 23.385998 | AE31: 23.385998 | AF31: 23.385998 | AG31: 23.385998 | AH31: 23.385998 | AI31: 23.385998 | AJ31: 23.385998 | AK31: -1e-06
A32: EGC000:ca_CombustionTur | B32: Combustion Turbine/Diesel | C32: 3.1941 | D32: 3.1941 | E32: 3.1461 | F32: 3.0966 | G32: 3.0966 | H32: 3.0966 | I32: 3.0966 | J32: 3.0966 | K32: 3.0966 | L32: 3.0966 | M32: 3.0966 | N32: 3.0966 | O32: 3.0966 | P32: 3.0966 | Q32: 3.0966 | R32: 3.0966 | S32: 3.0966 | T32: 3.0966 | U32: 3.0966 | V32: 3.0966 | W32: 3.0966 | X32: 3.0966 | Y32: 3.0966 | Z32: 3.0966 | AA32: 3.0966 | AB32: 3.0966 | AC32: 3.0966 | AD32: 3.0966 | AE32: 3.0966 | AF32: 3.0966 | AG32: 3.0966 | AH32: 3.0966 | AI32: 3.0966 | AJ32: 3.0966 | AK32: -0.000968
A33: EGC000:ca_RenewableSour | B33: Renewable Sources 7/ | C33: 0.95 | D33: 0.9431 | E33: 0.9451 | F33: 0.9451 | G33: 0.9451 | H33: 0.9451 | I33: 0.9451 | J33: 0.9451 | K33: 0.9451 | L33: 0.9451 | M33: 0.9451 | N33: 0.9451 | O33: 0.9451 | P33: 0.9451 | Q33: 0.9451 | R33: 0.9451 | S33: 0.9451 | T33: 0.9451 | U33: 0.9451 | V33: 0.9451 | W33: 0.9451 | X33: 0.9451 | Y33: 0.9451 | Z33: 0.9451 | AA33: 0.9451 | AB33: 0.9451 | AC33: 0.9451 | AD33: 0.9451 | AE33: 0.9451 | AF33: 0.9451 | AG33: 0.9451 | AH33: 0.9451 | AI33: 0.9451 | AJ33: 0.9451 | AK33: 6.6e-05
A34: EGC000:ca_Total | B34: Total | C34: 31.458103 | D34: 31.117699 | E34: 31.0217 | F34: 30.894598 | G34: 30.894598 | H34: 30.894598 | I34: 30.715998 | J34: 30.715998 | K34: 30.715998 | L34: 30.715998 | M34: 30.715998 | N34: 30.715998 | O34: 30.715998 | P34: 30.715998 | Q34: 30.715998 | R34: 30.715998 | S34: 30.715998 | T34: 30.715998 | U34: 30.715998 | V34: 30.715998 | W34: 30.715998 | X34: 30.715998 | Y34: 30.715998 | Z34: 30.715998 | AA34: 30.715998 | AB34: 30.715998 | AC34: 30.715998 | AD34: 30.715998 | AE34: 30.715998 | AF34: 30.715998 | AG34: 30.715998 | AH34: 30.715998 | AI34: 30.715998 | AJ34: 30.715998 | AK34: -0.000406
B36: Cumulative Planned Additions 10/
A37: EGC000:da_CoalSteam | B37: Coal | C37: - - | D37: - - | E37: 0 | F37: 0 | G37: 0 | H37: 0 | I37: 0 | J37: 0 | K37: 0 | L37: 0 | M37: 0 | N37: 0 | O37: 0 | P37: 0 | Q37: 0 | R37: 0 | S37: 0 | T37: 0 | U37: 0 | V37: 0 | W37: 0 | X37: 0 | Y37: 0 | Z37: 0 | AA37: 0 | AB37: 0 | AC37: 0 | AD37: 0 | AE37: 0 | AF37: 0 | AG37: 0 | AH37: 0 | AI37: 0 | AJ37: 0 | AK37: - -
A38: EGC000:da_OtherFossilSt | B38: Oil and Natural Gas Steam 5/ | C38: - - | D38: - - | E38: 0 | F38: 0 | G38: 0 | H38: 0 | I38: 0 | J38: 0 | K38: 0 | L38: 0 | M38: 0 | N38: 0 | O38: 0 | P38: 0 | Q38: 0 | R38: 0 | S38: 0 | T38: 0 | U38: 0 | V38: 0 | W38: 0 | X38: 0 | Y38: 0 | Z38: 0 | AA38: 0 | AB38: 0 | AC38: 0 | AD38: 0 | AE38: 0 | AF38: 0 | AG38: 0 | AH38: 0 | AI38: 0 | AJ38: 0 | AK38: - -
A39: EGC000:da_CombinedCycle | B39: Combined Cycle | C39: - - | D39: - - | E39: 6.649801 | F39: 16.523401 | G39: 16.523401 | H39: 16.523401 | I39: 16.523401 | J39: 16.523401 | K39: 16.523401 | L39: 16.523401 | M39: 16.523401 | N39: 16.523401 | O39: 16.523401 | P39: 16.523401 | Q39: 16.523401 | R39: 16.523401 | S39: 16.523401 | T39: 16.523401 | U39: 16.523401 | V39: 16.523401 | W39: 16.523401 | X39: 16.523401 | Y39: 16.523401 | Z39: 16.523401 | AA39: 16.523401 | AB39: 16.523401 | AC39: 16.523401 | AD39: 16.523401 | AE39: 16.523401 | AF39: 16.523401 | AG39: 16.523401 | AH39: 16.523401 | AI39: 16.523401 | AJ39: 16.523401 | AK39: - -
A40: EGC000:da_CombustionTur | B40: Combustion Turbine/Diesel | C40: - - | D40: - - | E40: 2.508 | F40: 6.9856 | G40: 6.9856 | H40: 6.9856 | I40: 6.9856 | J40: 6.9856 | K40: 6.9856 | L40: 6.9856 | M40: 6.9856 | N40: 6.9856 | O40: 6.9856 | P40: 6.9856 | Q40: 6.9856 | R40: 6.9856 | S40: 6.9856 | T40: 6.9856 | U40: 6.9856 | V40: 6.9856 | W40: 6.9856 | X40: 6.9856 | Y40: 6.9856 | Z40: 6.9856 | AA40: 6.9856 | AB40: 6.9856 | AC40: 6.9856 | AD40: 6.9856 | AE40: 6.9856 | AF40: 6.9856 | AG40: 6.9856 | AH40: 6.9856 | AI40: 6.9856 | AJ40: 6.9856 | AK40: - -
A41: EGC000:da_NuclearPower | B41: Nuclear Power | C41: - - | D41: - - | E41: 0 | F41: 0 | G41: 2.2 | H41: 2.2 | I41: 2.2 | J41: 2.2 | K41: 2.2 | L41: 2.2 | M41: 2.2 | N41: 2.2 | O41: 2.2 | P41: 2.2 | Q41: 2.2 | R41: 2.2 | S41: 2.2 | T41: 2.2 | U41: 2.2 | V41: 2.2 | W41: 2.2 | X41: 2.2 | Y41: 2.2 | Z41: 2.2 | AA41: 2.2 | AB41: 2.2 | AC41: 2.2 | AD41: 2.2 | AE41: 2.2 | AF41: 2.2 | AG41: 2.2 | AH41: 2.2 | AI41: 2.2 | AJ41: 2.2 | AK41: - -
A42: EGC000:da_PumpedStorage | B42: Pumped Storage | C42: - - | D42: - - | E42: 0 | F42: 0 | G42: 0 | H42: 0 | I42: 0 | J42: 0 | K42: 0 | L42: 0 | M42: 0 | N42: 0 | O42: 0 | P42: 0 | Q42: 0 | R42: 0 | S42: 0 | T42: 0 | U42: 0 | V42: 0 | W42: 0 | X42: 0 | Y42: 0 | Z42: 0 | AA42: 0 | AB42: 0 | AC42: 0 | AD42: 0 | AE42: 0 | AF42: 0 | AG42: 0 | AH42: 0 | AI42: 0 | AJ42: 0 | AK42: - -
A43: EGC000:da_DiurnalStorag | B43: Diurnal Storage | C43: - - | D43: - - | E43: 0.046 | F43: 0.167 | G43: 0.417 | H43: 0.667 | I43: 0.917 | J43: 1.167 | K43: 1.167 | L43: 1.167 | M43: 1.167 | N43: 1.167 | O43: 1.167 | P43: 1.167 | Q43: 1.167 | R43: 1.167 | S43: 1.167 | T43: 1.167 | U43: 1.167 | V43: 1.167 | W43: 1.167 | X43: 1.167 | Y43: 1.167 | Z43: 1.167 | AA43: 1.167 | AB43: 1.167 | AC43: 1.167 | AD43: 1.167 | AE43: 1.167 | AF43: 1.167 | AG43: 1.167 | AH43: 1.167 | AI43: 1.167 | AJ43: 1.167 | AK43: - -
A44: EGC000:da_FuelCells | B44: Fuel Cells | C44: - - | D44: - - | E44: 0.0152 | F44: 0.0152 | G44: 0.0152 | H44: 0.0152 | I44: 0.0152 | J44: 0.0152 | K44: 0.0152 | L44: 0.0152 | M44: 0.0152 | N44: 0.0152 | O44: 0.0152 | P44: 0.0152 | Q44: 0.0152 | R44: 0.0152 | S44: 0.0152 | T44: 0.0152 | U44: 0.0152 | V44: 0.0152 | W44: 0.0152 | X44: 0.0152 | Y44: 0.0152 | Z44: 0.0152 | AA44: 0.0152 | AB44: 0.0152 | AC44: 0.0152 | AD44: 0.0152 | AE44: 0.0152 | AF44: 0.0152 | AG44: 0.0152 | AH44: 0.0152 | AI44: 0.0152 | AJ44: 0.0152 | AK44: - -
A45: EGC000:da_RenewableSour | B45: Renewable Sources 7/ | C45: - - | D45: - - | E45: 14.974111 | F45: 23.394007 | G45: 23.605005 | H45: 23.605005 | I45: 23.605005 | J45: 23.605005 | K45: 23.605005 | L45: 23.605005 | M45: 23.605005 | N45: 23.605005 | O45: 23.605005 | P45: 23.605005 | Q45: 23.605005 | R45: 23.605005 | S45: 23.605005 | T45: 23.605005 | U45: 23.605005 | V45: 23.605005 | W45: 23.605005 | X45: 23.605005 | Y45: 23.605005 | Z45: 23.605005 | AA45: 23.605005 | AB45: 23.605005 | AC45: 23.605005 | AD45: 23.605005 | AE45: 23.605005 | AF45: 23.605005 | AG45: 23.605005 | AH45: 23.605005 | AI45: 23.605005 | AJ45: 23.605005 | AK45: - -
A46: EGC000:da_DistributedGe | B46: Distributed Generation 8/ | C46: - - | D46: - - | E46: 0 | F46: 0 | G46: 0 | H46: 0 | I46: 0 | J46: 0 | K46: 0 | L46: 0 | M46: 0 | N46: 0 | O46: 0 | P46: 0 | Q46: 0 | R46: 0 | S46: 0 | T46: 0 | U46: 0 | V46: 0 | W46: 0 | X46: 0 | Y46: 0 | Z46: 0 | AA46: 0 | AB46: 0 | AC46: 0 | AD46: 0 | AE46: 0 | AF46: 0 | AG46: 0 | AH46: 0 | AI46: 0 | AJ46: 0 | AK46: - -
A47: EGC000:da_Total | B47: Total | C47: - - | D47: - - | E47: 24.193102 | F47: 47.085197 | G47: 49.746193 | H47: 49.996193 | I47: 50.246193 | J47: 50.496193 | K47: 50.496193 | L47: 50.496193 | M47: 50.496193 | N47: 50.496193 | O47: 50.496193 | P47: 50.496193 | Q47: 50.496193 | R47: 50.496193 | S47: 50.496193 | T47: 50.496193 | U47: 50.496193 | V47: 50.496193 | W47: 50.496193 | X47: 50.496193 | Y47: 50.496193 | Z47: 50.496193 | AA47: 50.496193 | AB47: 50.496193 | AC47: 50.496193 | AD47: 50.496193 | AE47: 50.496193 | AF47: 50.496193 | AG47: 50.496193 | AH47: 50.496193 | AI47: 50.496193 | AJ47: 50.496193 | AK47: - -
B48: Cumulative Unplanned Additions 10/
A49: EGC000:ea_CoalSteam | B49: Coal | C49: - - | D49: - - | E49: 0 | F49: 0 | G49: 0 | H49: 0 | I49: 0 | J49: 0 | K49: 0 | L49: 0 | M49: 0 | N49: 0 | O49: 0 | P49: 0 | Q49: 0 | R49: 0 | S49: 0 | T49: 0 | U49: 0 | V49: 0 | W49: 0 | X49: 0 | Y49: 0 | Z49: 0 | AA49: 0 | AB49: 0 | AC49: 0 | AD49: 0 | AE49: 0 | AF49: 0 | AG49: 0 | AH49: 0 | AI49: 0 | AJ49: 0 | AK49: - -
A50: EGC000:ea_OtherFossilSt | B50: Oil and Natural Gas Steam 5/ | C50: - - | D50: - - | E50: 0 | F50: 0 | G50: 0 | H50: 0 | I50: 0 | J50: 0 | K50: 0 | L50: 0 | M50: 0 | N50: 0 | O50: 0 | P50: 0 | Q50: 0 | R50: 0 | S50: 0 | T50: 0 | U50: 0 | V50: 0 | W50: 0 | X50: 0 | Y50: 0 | Z50: 0 | AA50: 0 | AB50: 0 | AC50: 0 | AD50: 0 | AE50: 0 | AF50: 0 | AG50: 0 | AH50: 0 | AI50: 0 | AJ50: 0 | AK50: - -
A51: EGC000:ea_CombinedCycle | B51: Combined Cycle | C51: - - | D51: - - | E51: 0 | F51: 0 | G51: 16.172312 | H51: 23.957146 | I51: 34.546452 | J51: 47.853344 | K51: 62.525558 | L51: 70.576279 | M51: 79.701988 | N51: 84.579201 | O51: 89.560532 | P51: 99.850471 | Q51: 105.64374 | R51: 116.29593 | S51: 123.62101 | T51: 134.60721 | U51: 138.96077 | V51: 145.16887 | W51: 155.14613 | X51: 159.36968 | Y51: 165.9339 | Z51: 172.38084 | AA51: 180.41255 | AB51: 186.4195 | AC51: 194.73235 | AD51: 201.90405 | AE51: 210.50783 | AF51: 218.02138 | AG51: 221.83098 | AH51: 228.13879 | AI51: 232.49783 | AJ51: 238.95972 | AK51: - -
A52: EGC000:ea_CombustionTur | B52: Combustion Turbine/Diesel | C52: - - | D52: - - | E52: 4.950527 | F52: 7.0903 | G52: 7.0903 | H52: 7.626831 | I52: 8.425946 | J52: 9.05164 | K52: 9.986657 | L52: 11.664781 | M52: 13.628036 | N52: 15.069537 | O52: 15.79344 | P52: 15.917452 | Q52: 17.074688 | R52: 17.393164 | S52: 17.812252 | T52: 17.837397 | U52: 18.958048 | V52: 19.880524 | W52: 19.880524 | X52: 20.884153 | Y52: 22.376755 | Z52: 23.882301 | AA52: 25.613676 | AB52: 27.169405 | AC52: 27.590069 | AD52: 29.200245 | AE52: 31.05195 | AF52: 33.181412 | AG52: 35.698643 | AH52: 38.599564 | AI52: 41.935627 | AJ52: 43.970665 | AK52: - -
A53: EGC000:ea_NuclearPower | B53: Nuclear Power | C53: - - | D53: - - | E53: 0 | F53: 0 | G53: 0 | H53: 0 | I53: 0 | J53: 0 | K53: 0 | L53: 0 | M53: 0 | N53: 0 | O53: 0 | P53: 0 | Q53: 0 | R53: 0 | S53: 0 | T53: 0 | U53: 0 | V53: 0 | W53: 0 | X53: 0 | Y53: 0 | Z53: 0 | AA53: 0 | AB53: 0 | AC53: 0 | AD53: 0 | AE53: 0 | AF53: 0 | AG53: 0 | AH53: 0 | AI53: 0 | AJ53: 0 | AK53: - -
A54: EGC000:ea_PumpedStorage | B54: Pumped Storage | C54: - - | D54: - - | E54: 0 | F54: 0 | G54: 0 | H54: 0 | I54: 0 | J54: 0 | K54: 0 | L54: 0 | M54: 0 | N54: 0 | O54: 0 | P54: 0 | Q54: 0 | R54: 0 | S54: 0 | T54: 0 | U54: 0 | V54: 0 | W54: 0 | X54: 0 | Y54: 0 | Z54: 0 | AA54: 0 | AB54: 0 | AC54: 0 | AD54: 0 | AE54: 0 | AF54: 0 | AG54: 0 | AH54: 0 | AI54: 0 | AJ54: 0 | AK54: - -
A55: EGC000:ea_DiurnalStorag | B55: Diurnal Storage | C55: - - | D55: - - | E55: 0 | F55: 0 | G55: 0 | H55: 0 | I55: 0 | J55: 0 | K55: 0 | L55: 0 | M55: 0 | N55: 0 | O55: 0 | P55: 0 | Q55: 2.797 | R55: 3.79494 | S55: 3.79494 | T55: 4.556929 | U55: 6.082958 | V55: 7.354399 | W55: 7.362806 | X55: 10.278807 | Y55: 10.520715 | Z55: 13.538774 | AA55: 16.664776 | AB55: 16.900314 | AC55: 18.245071 | AD55: 18.885212 | AE55: 20.038673 | AF55: 21.186077 | AG55: 24.186077 | AH55: 25.901876 | AI55: 25.901876 | AJ55: 28.901876 | AK55: - -
A56: EGC000:ea_FuelCells | B56: Fuel Cells | C56: - - | D56: - - | E56: 0 | F56: 0 | G56: 8.1e-05 | H56: 0.000162 | I56: 0.000243 | J56: 0.000324 | K56: 0.000405 | L56: 0.000486 | M56: 0.000567 | N56: 0.000648 | O56: 0.000729 | P56: 0.00081 | Q56: 0.000891 | R56: 0.000972 | S56: 0.001054 | T56: 0.00111 | U56: 0.001136 | V56: 0.001147 | W56: 0.001153 | X56: 0.001159 | Y56: 0.00116 | Z56: 0.001161 | AA56: 0.001162 | AB56: 0.001163 | AC56: 0.001164 | AD56: 0.001165 | AE56: 0.001166 | AF56: 0.003476 | AG56: 0.005498 | AH56: 0.005498 | AI56: 0.005498 | AJ56: 0.007069 | AK56: - -
A57: EGC000:ea_RenewableSour | B57: Renewable Sources 7/ | C57: - - | D57: - - | E57: 0.003035 | F57: 4.007403 | G57: 18.502424 | H57: 29.277674 | I57: 40.572113 | J57: 44.113644 | K57: 47.700634 | L57: 50.226643 | M57: 53.766293 | N57: 57.403065 | O57: 64.1147 | P57: 66.393074 | Q57: 72.625946 | R57: 73.287506 | S57: 77.036453 | T57: 82.852386 | U57: 89.674133 | V57: 98.618271 | W57: 107.02292 | X57: 116.70213 | Y57: 127.95541 | Z57: 128.92474 | AA57: 140.16408 | AB57: 141.55066 | AC57: 153.52051 | AD57: 155.6571 | AE57: 159.41072 | AF57: 172.06961 | AG57: 185.40199 | AH57: 188.23898 | AI57: 201.04933 | AJ57: 208.50818 | AK57: - -
A58: EGC000:ea_DistributedGe | B58: Distributed Generation 8/ | C58: - - | D58: - - | E58: 0 | F58: 1.549955 | G58: 1.737015 | H58: 1.921614 | I58: 2.130025 | J58: 2.381044 | K58: 2.674073 | L58: 3.043898 | M58: 3.439239 | N58: 3.898479 | O58: 4.413876 | P58: 4.959581 | Q58: 5.466499 | R58: 6.112264 | S58: 6.757843 | T58: 7.521287 | U58: 8.406585 | V58: 9.365047 | W58: 10.470657 | X58: 11.609406 | Y58: 12.832676 | Z58: 14.179006 | AA58: 15.613872 | AB58: 17.131451 | AC58: 18.72057 | AD58: 20.528061 | AE58: 22.37632 | AF58: 24.270847 | AG58: 26.195223 | AH58: 27.978928 | AI58: 29.72471 | AJ58: 31.575861 | AK58: - -
A59: EGC000:ea_Total | B59: Total | C59: - - | D59: - - | E59: 4.953562 | F59: 12.64766 | G59: 43.502129 | H59: 62.783436 | I59: 85.674782 | J59: 103.39998 | K59: 122.88731 | L59: 135.51209 | M59: 150.53615 | N59: 160.95093 | O59: 173.88327 | P59: 187.1214 | Q59: 203.60877 | R59: 216.88478 | S59: 229.02354 | T59: 247.37628 | U59: 262.08365 | V59: 280.38821 | W59: 299.88419 | X59: 318.84534 | Y59: 339.62064 | Z59: 352.90677 | AA59: 378.47018 | AB59: 389.17261 | AC59: 412.80975 | AD59: 426.17587 | AE59: 443.38672 | AF59: 468.73276 | AG59: 493.31842 | AH59: 508.86362 | AI59: 531.11499 | AJ59: 551.92334 | AK59: - -
A60: EGC000:ea_CumulativeEle | B60: Cumulative Electric Power Sector Additions 10/ | C60: - - | D60: - - | E60: 29.146664 | F60: 59.732857 | G60: 93.248322 | H60: 112.77963 | I60: 135.92097 | J60: 153.89618 | K60: 173.38351 | L60: 186.00827 | M60: 201.03235 | N60: 211.44711 | O60: 224.37946 | P60: 237.61758 | Q60: 254.10495 | R60: 267.38098 | S60: 279.51975 | T60: 297.87247 | U60: 312.57983 | V60: 330.8844 | W60: 350.38037 | X60: 369.34152 | Y60: 390.11682 | Z60: 403.40295 | AA60: 428.96637 | AB60: 439.66879 | AC60: 463.30594 | AD60: 476.67206 | AE60: 493.8829 | AF60: 519.22894 | AG60: 543.81464 | AH60: 559.3598 | AI60: 581.61121 | AJ60: 602.41956 | AK60: - -
B62: Cumulative Retirements 11/
A63: EGC000:fa_CoalSteam | B63: Coal | C63: - - | D63: - - | E63: 6.748298 | F63: 9.2919 | G63: 17.430096 | H63: 25.719799 | I63: 37.818604 | J63: 50.083206 | K63: 60.668694 | L63: 65.969193 | M63: 69.62381 | N63: 71.704201 | O63: 72.250198 | P63: 75.162201 | Q63: 77.806206 | R63: 82.64122 | S63: 82.64122 | T63: 85.54232 | U63: 85.54232 | V63: 85.54232 | W63: 86.706421 | X63: 86.706421 | Y63: 86.706421 | Z63: 86.706421 | AA63: 87.923416 | AB63: 87.923416 | AC63: 88.487419 | AD63: 88.487419 | AE63: 88.487419 | AF63: 88.487419 | AG63: 88.487419 | AH63: 88.487419 | AI63: 88.487419 | AJ63: 88.487419 | AK63: - -
A64: EGC000:fa_OtherFossilSt | B64: Oil and Natural Gas Steam 5/ | C64: - - | D64: - - | E64: 1.848 | F64: 3.3709 | G64: 10.140301 | H64: 12.286601 | I64: 14.054202 | J64: 17.129803 | K64: 18.587002 | L64: 22.247398 | M64: 22.769402 | N64: 23.568901 | O64: 25.212204 | P64: 25.212204 | Q64: 25.322205 | R64: 25.322205 | S64: 25.557201 | T64: 25.637199 | U64: 25.736198 | V64: 26.036201 | W64: 26.036201 | X64: 26.258202 | Y64: 26.258202 | Z64: 26.258202 | AA64: 26.480202 | AB64: 26.877201 | AC64: 26.877201 | AD64: 26.877201 | AE64: 27.003201 | AF64: 27.003201 | AG64: 27.003201 | AH64: 27.003201 | AI64: 27.003201 | AJ64: 27.003201 | AK64: - -
A65: EGC000:fa_CombinedCycle | B65: Combined Cycle | C65: - - | D65: - - | E65: 0.05 | F65: 0.05 | G65: 1.056 | H65: 2.6178 | I65: 3.582337 | J65: 4.324204 | K65: 5.006103 | L65: 5.097003 | M65: 5.503004 | N65: 5.508304 | O65: 5.508304 | P65: 5.734304 | Q65: 6.005004 | R65: 6.515004 | S65: 6.520004 | T65: 6.889004 | U65: 8.157604 | V65: 8.356403 | W65: 8.356403 | X65: 9.485804 | Y65: 9.731804 | Z65: 9.731804 | AA65: 9.731804 | AB65: 10.233804 | AC65: 11.961804 | AD65: 11.961804 | AE65: 12.277805 | AF65: 12.738806 | AG65: 13.423705 | AH65: 13.423705 | AI65: 13.423705 | AJ65: 13.426905 | AK65: - -
A66: EGC000:fa_CombustionTur | B66: Combustion Turbine/Diesel | C66: - - | D66: - - | E66: 0.2459 | F66: 0.3185 | G66: 1.6755 | H66: 1.7495 | I66: 2.7568 | J66: 3.0318 | K66: 3.2771 | L66: 4.1785 | M66: 4.342499 | N66: 4.918 | O66: 5.767499 | P66: 5.796299 | Q66: 6.0537 | R66: 6.0537 | S66: 6.0537 | T66: 6.0537 | U66: 6.0537 | V66: 6.1224 | W66: 6.1224 | X66: 6.4174 | Y66: 6.4174 | Z66: 6.5207 | AA66: 7.777701 | AB66: 7.8097 | AC66: 7.913701 | AD66: 7.913701 | AE66: 8.004001 | AF66: 8.118501 | AG66: 8.118501 | AH66: 8.118501 | AI66: 8.118501 | AJ66: 8.118501 | AK66: - -
A67: EGC000:fa_NuclearPower | B67: Nuclear Power | C67: - - | D67: - - | E67: 1.48 | F67: 3.3744 | G67: 8.8351 | H67: 12.395902 | I67: 15.7784 | J67: 15.7784 | K67: 19.001802 | L67: 20.119802 | M67: 20.119802 | N67: 20.119802 | O67: 20.119802 | P67: 20.119802 | Q67: 20.119802 | R67: 21.552801 | S67: 21.552801 | T67: 21.552801 | U67: 21.552801 | V67: 21.552801 | W67: 21.552801 | X67: 21.552801 | Y67: 21.552801 | Z67: 21.552801 | AA67: 21.552801 | AB67: 21.552801 | AC67: 21.552801 | AD67: 21.552801 | AE67: 21.552801 | AF67: 21.552801 | AG67: 21.552801 | AH67: 21.552801 | AI67: 21.552801 | AJ67: 21.552801 | AK67: - -
A68: EGC000:fa_PumpedStorage | B68: Pumped Storage | C68: - - | D68: - - | E68: 0 | F68: 0 | G68: 0 | H68: 0 | I68: 0 | J68: 0 | K68: 0 | L68: 0 | M68: 0 | N68: 0 | O68: 0 | P68: 0 | Q68: 0 | R68: 0 | S68: 0 | T68: 0 | U68: 0 | V68: 0 | W68: 0 | X68: 0 | Y68: 0 | Z68: 0 | AA68: 0 | AB68: 0 | AC68: 0 | AD68: 0 | AE68: 0 | AF68: 0 | AG68: 0 | AH68: 0 | AI68: 0 | AJ68: 0 | AK68: - -
A69: EGC000:fa_DiurnalStorag | B69: Diurnal Storage | C69: - - | D69: - - | E69: 0 | F69: 0 | G69: 0 | H69: 0 | I69: 0 | J69: 0 | K69: 0 | L69: 0 | M69: 0 | N69: 0 | O69: 0 | P69: 0 | Q69: 0 | R69: 0 | S69: 0 | T69: 0 | U69: 0 | V69: 0 | W69: 0 | X69: 0 | Y69: 0 | Z69: 0 | AA69: 0 | AB69: 0 | AC69: 0 | AD69: 0 | AE69: 0 | AF69: 0 | AG69: 0 | AH69: 0 | AI69: 0 | AJ69: 0 | AK69: - -
A70: EGC000:fa_FuelCells | B70: Fuel Cells | C70: - - | D70: - - | E70: 0 | F70: 0.0011 | G70: 0.0011 | H70: 0.0011 | I70: 0.0011 | J70: 0.0011 | K70: 0.0011 | L70: 0.0011 | M70: 0.0011 | N70: 0.0011 | O70: 0.0011 | P70: 0.0011 | Q70: 0.0011 | R70: 0.0011 | S70: 0.0011 | T70: 0.0011 | U70: 0.0011 | V70: 0.0011 | W70: 0.0011 | X70: 0.0011 | Y70: 0.0011 | Z70: 0.0011 | AA70: 0.0011 | AB70: 0.0011 | AC70: 0.0011 | AD70: 0.0011 | AE70: 0.0011 | AF70: 0.0011 | AG70: 0.0011 | AH70: 0.0011 | AI70: 0.0011 | AJ70: 0.0011 | AK70: - -
A71: EGC000:fa_RenewableSour | B71: Renewable Sources 7/ | C71: - - | D71: - - | E71: 0.0122 | F71: 0.0132 | G71: 0.014 | H71: 0.0339 | I71: 0.0404 | J71: 0.0564 | K71: 0.0589 | L71: 0.0609 | M71: 0.0609 | N71: 0.0609 | O71: 0.1359 | P71: 0.1359 | Q71: 0.1359 | R71: 0.1359 | S71: 0.1359 | T71: 0.1359 | U71: 0.1359 | V71: 0.1359 | W71: 0.1359 | X71: 0.1359 | Y71: 0.1359 | Z71: 0.1359 | AA71: 0.1359 | AB71: 0.1359 | AC71: 0.1359 | AD71: 0.1359 | AE71: 0.1359 | AF71: 0.1359 | AG71: 0.1789 | AH71: 0.1789 | AI71: 0.1789 | AJ71: 0.1789 | AK71: - -
A72: EGC000:fa_Total | B72: Total | C72: - - | D72: - - | E72: 10.384415 | F72: 16.420015 | G72: 39.1521 | H72: 54.804588 | I72: 74.03186 | J72: 90.40593 | K72: 106.60171 | L72: 117.67491 | M72: 122.42151 | N72: 125.88222 | O72: 128.99602 | P72: 132.16283 | Q72: 135.44493 | R72: 142.22292 | S72: 142.46291 | T72: 145.81303 | U72: 147.18063 | V72: 147.74811 | W72: 148.91222 | X72: 150.55861 | Y72: 150.80461 | Z72: 150.90791 | AA72: 153.6039 | AB72: 154.53488 | AC72: 156.93088 | AD72: 156.93088 | AE72: 157.4632 | AF72: 158.0387 | AG72: 158.7666 | AH72: 158.7666 | AI72: 158.7666 | AJ72: 158.76981 | AK72: - -
A74: EGC000:ga_TotalElectric | B74: Total Electric Power Sector Capacity | C74: 1043.8698 | D74: 1059.4221 | E74: 1078.6495 | F74: 1103.2002 | G74: 1113.9835 | H74: 1117.8623 | I74: 1121.7764 | J74: 1123.3773 | K74: 1126.6688 | L74: 1128.2203 | M74: 1138.4978 | N74: 1145.4519 | O74: 1155.2955 | P74: 1165.4169 | Q74: 1178.6973 | R74: 1185.2954 | S74: 1197.3193 | T74: 1212.447 | U74: 1225.9119 | V74: 1243.7742 | W74: 1262.2312 | X74: 1279.671 | Y74: 1300.3254 | Z74: 1313.6335 | AA74: 1336.626 | AB74: 1346.5225 | AC74: 1367.8889 | AD74: 1381.38 | AE74: 1398.1837 | AF74: 1423.0795 | AG74: 1447.0624 | AH74: 1462.7327 | AI74: 1485.109 | AJ74: 1506.0396 | AK74: 0.011053
B76: End-Use Generators 12/
A77: EGC000:ha_Coal | B77: Coal | C77: 2.80907 | D77: 2.829422 | E77: 2.814395 | F77: 2.751887 | G77: 2.707497 | H77: 2.696835 | I77: 2.674828 | J77: 2.657728 | K77: 2.642559 | L77: 2.624039 | M77: 2.598665 | N77: 2.580146 | O77: 2.556425 | P77: 2.534081 | Q77: 2.512716 | R77: 2.490067 | S77: 2.470507 | T77: 2.451669 | U77: 2.432256 | V77: 2.412241 | W77: 2.395465 | X77: 2.375608 | Y77: 2.353842 | Z77: 2.329433 | AA77: 2.306187 | AB77: 2.28099 | AC77: 2.257473 | AD77: 2.233448 | AE77: 2.211741 | AF77: 2.187486 | AG77: 2.164942 | AH77: 2.141452 | AI77: 2.118148 | AJ77: 2.09388 | AK77: -0.009364
A78: EGC000:ha_Petroleum | B78: Petroleum | C78: 0.601876 | D78: 0.561112 | E78: 0.56124 | F78: 0.519336 | G78: 0.519477 | H78: 0.519671 | I78: 0.519872 | J78: 0.520083 | K78: 0.520291 | L78: 0.520483 | M78: 0.520587 | N78: 0.520729 | O78: 0.5208 | P78: 0.520843 | Q78: 0.520894 | R78: 0.520939 | S78: 0.521035 | T78: 0.52115 | U78: 0.521292 | V78: 0.521448 | W78: 0.521632 | X78: 0.521826 | Y78: 0.522025 | Z78: 0.522215 | AA78: 0.522423 | AB78: 0.522643 | AC78: 0.522928 | AD78: 0.523246 | AE78: 0.523608 | AF78: 0.52398 | AG78: 0.524382 | AH78: 0.524793 | AI78: 0.525221 | AJ78: 0.525638 | AK78: -0.002039
A79: EGC000:ha_NaturalGas | B79: Natural Gas | C79: 16.550146 | D79: 17.000044 | E79: 17.661367 | F79: 18.19261 | G79: 18.523697 | H79: 18.881479 | I79: 19.254021 | J79: 19.649029 | K79: 20.075354 | L79: 20.530176 | M79: 21.008945 | N79: 21.517927 | O79: 21.898712 | P79: 22.41172 | Q79: 22.894997 | R79: 23.430418 | S79: 23.96834 | T79: 24.586416 | U79: 25.184086 | V79: 25.818956 | W79: 26.457962 | X79: 27.134407 | Y79: 27.822491 | Z79: 28.548616 | AA79: 29.30797 | AB79: 30.064495 | AC79: 30.895098 | AD79: 31.764027 | AE79: 32.729435 | AF79: 33.678169 | AG79: 34.662865 | AH79: 35.675156 | AI79: 36.704327 | AJ79: 37.760555 | AK79: 0.025253
A80: EGC000:ha_OtherGaseousF | B80: Other Gaseous Fuels 13/ | C80: 2.86477 | D80: 3.06625 | E80: 3.09165 | F80: 3.000573 | G80: 3.000573 | H80: 3.000573 | I80: 3.000573 | J80: 3.000573 | K80: 3.000573 | L80: 3.000573 | M80: 3.000573 | N80: 3.000573 | O80: 2.954433 | P80: 2.962799 | Q80: 2.947236 | R80: 2.944654 | S80: 2.932317 | T80: 2.950226 | U80: 2.947058 | V80: 2.947737 | W80: 2.937653 | X80: 2.935507 | Y80: 2.930225 | Z80: 2.93971 | AA80: 2.945664 | AB80: 2.933996 | AC80: 2.93988 | AD80: 2.945551 | AE80: 2.976127 | AF80: 2.974169 | AG80: 2.978948 | AH80: 2.985867 | AI80: 2.9909 | AJ80: 2.997524 | AK80: -0.000708
A81: EGC000:ha_RenewableSour | B81: Renewable Sources 7/ | C81: 25.920618 | D81: 29.844748 | E81: 34.453121 | F81: 39.500786 | G81: 44.149078 | H81: 48.499355 | I81: 52.524948 | J81: 56.023991 | K81: 58.900845 | L81: 61.97485 | M81: 65.193916 | N81: 68.619682 | O81: 72.239288 | P81: 76.013641 | Q81: 79.974632 | R81: 84.12249 | S81: 88.472649 | T81: 93.023323 | U81: 97.770973 | V81: 102.77276 | W81: 108.00063 | X81: 113.44833 | Y81: 119.08805 | Z81: 124.89796 | AA81: 130.90132 | AB81: 137.08963 | AC81: 143.50549 | AD81: 150.12028 | AE81: 157.02272 | AF81: 164.1716 | AG81: 171.62395 | AH81: 179.34422 | AI81: 187.3208 | AJ81: 195.53801 | AK81: 0.060502
A82: EGC000:ha_Other | B82: Other 14/ | C82: 0.4379 | D82: 0.4529 | E82: 0.5029 | F82: 0.5029 | G82: 0.5149 | H82: 0.5149 | I82: 0.5149 | J82: 0.5149 | K82: 0.5149 | L82: 0.5149 | M82: 0.5149 | N82: 0.5149 | O82: 0.5149 | P82: 0.5149 | Q82: 0.5149 | R82: 0.5149 | S82: 0.5149 | T82: 0.5149 | U82: 0.5149 | V82: 0.5149 | W82: 0.5149 | X82: 0.5149 | Y82: 0.5149 | Z82: 0.5149 | AA82: 0.5149 | AB82: 0.5149 | AC82: 0.5149 | AD82: 0.5149 | AE82: 0.5149 | AF82: 0.5149 | AG82: 0.5149 | AH82: 0.5149 | AI82: 0.5149 | AJ82: 0.5149 | AK82: 0.004017
A83: EGC000:ha_Total | B83: Total | C83: 49.18438 | D83: 53.754475 | E83: 59.084671 | F83: 64.468094 | G83: 69.415222 | H83: 74.112808 | I83: 78.489143 | J83: 82.366302 | K83: 85.654526 | L83: 89.165024 | M83: 92.837585 | N83: 96.753967 | O83: 100.68456 | P83: 104.95798 | Q83: 109.36537 | R83: 114.02347 | S83: 118.87974 | T83: 124.04768 | U83: 129.37058 | V83: 134.98804 | W83: 140.82823 | X83: 146.93057 | Y83: 153.23154 | Z83: 159.75284 | AA83: 166.49847 | AB83: 173.40665 | AC83: 180.63577 | AD83: 188.10146 | AE83: 195.97855 | AF83: 204.05031 | AG83: 212.46999 | AH83: 221.18639 | AI83: 230.1743 | AJ83: 239.43051 | AK83: 0.047789
A85: EGC000:ia_CumulativeCap | B85: Cumulative Capacity Additions 10/ | C85: - - | D85: - - | E85: 5.345228 | F85: 11.538671 | G85: 16.530195 | H85: 21.238445 | I85: 25.636772 | J85: 29.531031 | K85: 32.834419 | L85: 36.363438 | M85: 40.061367 | N85: 43.996258 | O85: 48.089123 | P85: 52.384903 | Q85: 56.860405 | R85: 61.548901 | S85: 66.461784 | T85: 71.648544 | U85: 77.000328 | V85: 82.63781 | W85: 88.525063 | X85: 94.653671 | Y85: 100.99222 | Z85: 107.53788 | AA85: 114.30672 | AB85: 121.27512 | AC85: 128.52762 | AD85: 136.01724 | AE85: 143.91589 | AF85: 152.01775 | AG85: 160.45976 | AH85: 169.19948 | AI85: 178.21051 | AJ85: 187.49087 | AK85: - -
B87: 1/ Net summer capacity is the steady hourly output that generating equipment is expected to supply to
B88: system load (exclusive of auxiliary power), as demonstrated by tests during summer peak demand.
B89: 2/ Includes electricity-only and combined heat and power plants that have a regulatory status.
B90: 3/ Includes plants that only produce electricity and that have a regulatory status. Includes capacity increases (uprates) at existing units.
B91: 4/ Total coal and oil and natural gas steam capacity account for the conversion of coal capacity to gas steam capacity, but the conversions
B92: are not included explicitly as additions or retirements. No planned conversions are assumed. The totals reflect any conversions projected by
B93: the model.
B94: 5/ Includes oil-, gas-, and dual-fired capacity.
B95: 6/ Nuclear capacity includes 3.0 gigawatts of uprates.
B96: 7/ Includes conventional hydroelectric, geothermal, wood, wood waste, all municipal waste, landfill gas,
B97: other biomass, solar, and wind power. Facilities co-firing biomass and coal are classified as coal.
B98: 8/ Primarily peak-load capacity fueled by natural gas.
... B114: Projections: EIA, AEO2019 National Energy Modeling System run ref2019.d111618a.

Sheet AEO Table 9 (2021)
B1: highogs.d120120a | C1: 2020 | D1: 2021 | E1: 2022 | F1: 2023 | G1: 2024 | H1: 2025 | I1: 2026 | J1: 2027 | K1: 2028 | L1: 2029 | M1: 2030 | N1: 2031 | O1: 2032 | P1: 2033 | Q1: 2034 | R1: 2035 | S1: 2036 | T1: 2037 | U1: 2038 | V1: 2039 | W1: 2040 | X1: 2041 | Y1: 2042 | Z1: 2043 | AA1: 2044 | AB1: 2045 | AC1: 2046 | AD1: 2047 | AE1: 2048 | AF1: 2049 | AG1: 2050
C3: Report | D3: Annual Energy Outlook 2021
C4: Scenario | D4: ref2021 | G4: Reference case
C5: Datekey | D5: d113020a
C6: Release Date | E6: January 2021
A10: EGC000 | B10: 9. Electricity Generating Capacity | AH10: Compound
B11: (gigawatts) | AH11: Growth
AH12: 2020-2050
B13: Net Summer Capacity 1/ | C13: 2020 | D13: 2021 | E13: 2022 | F13: 2023 | G13: 2024 | H13: 2025 | I13: 2026 | J13: 2027 | K13: 2028 | L13: 2029 | M13: 2030 | N13: 2031 | O13: 2032 | P13: 2033 | Q13: 2034 | R13: 2035 | S13: 2036 | T13: 2037 | U13: 2038 | V13: 2039 | W13: 2040 | X13: 2041 | Y13: 2042 | Z13: 2043 | AA13: 2044 | AB13: 2045 | AC13: 2046 | AD13: 2047 | AE13: 2048 | AF13: 2049 | AG13: 2050 | AH13: (percent)
B15: Electric Power Sector 2/
B16: Power Only 3/
A17: EGC000:ba_CoalSteam | B17: Coal 4/ | C17: 217.31993 | D17: 212.9165 | E17: 208.20419 | F17: 187.9456 | G17: 177.84901 | H17: 111.62372 | I17: 107.49852 | J17: 99.09462 | K17: 95.793617 | L17: 93.304123 | M17: 90.772118 | N17: 89.354118 | O17: 86.515114 | P17: 84.896118 | Q17: 82.760315 | R17: 81.14431 | S17: 81.14431 | T17: 80.805313 | U17: 78.68531 | V17: 78.346306 | W17: 78.346306 | X17: 78.00631 | Y17: 78.00631 | Z17: 78.00631 | AA17: 77.985306 | AB17: 75.056305 | AC17: 74.376312 | AD17: 74.376312 | AE17: 73.266312 | AF17: 73.266312 | AG17: 73.266312 | AH17: -0.035593
A18: EGC000:ba_OtherFossilSt | B18: Oil and Natural Gas Steam 4, 5/ | C18: 72.645203 | D18: 71.450104 | E18: 66.598999 | F18: 62.020508 | G18: 56.8395 | H18: 69.829697 | I18: 65.723 | J18: 64.680496 | K18: 63.032501 | L18: 56.303104 | M18: 56.258102 | N18: 55.284603 | O18: 55.041599 | P18: 54.297802 | Q18: 53.794804 | R18: 52.824299 | S18: 51.914299 | T18: 51.914299 | U18: 51.914299 | V18: 51.7883 | W18: 51.7883 | X18: 51.7883 | Y18: 51.7883 | Z18: 51.7883 | AA18: 51.7883 | AB18: 51.682301 | AC18: 51.682301 | AD18: 51.682301 | AE18: 51.682301 | AF18: 51.129299 | AG18: 51.129299 | AH18: -0.011639
A19: EGC000:ba_CombinedCycle | B19: Combined Cycle | C19: 245.41911 | D19: 248.74231 | E19: 261.34235 | F19: 266.80924 | G19: 275.23621 | H19: 295.5976 | I19: 316.2475 | J19: 340.65677 | K19: 347.02155 | L19: 351.84 | M19: 356.66968 | N19: 362.06024 | O19: 368.02655 | P19: 372.73224 | Q19: 377.60669 | R19: 382.26901 | S19: 387.8067 | T19: 394.61877 | U19: 400.82574 | V19: 405.36829 | W19: 411.04443 | X19: 416.14801 | Y19: 421.73791 | Z19: 430.15918 | AA19: 439.63422 | AB19: 444.72955 | AC19: 450.20056 | AD19: 455.42334 | AE19: 462.29407 | AF19: 466.41812 | AG19: 472.56198 | AH19: 0.02208
A20: EGC000:ba_CombustionTur | B20: Combustion Turbine/Diesel | C20: 139.99884 | D20: 151.966 | E20: 157.28397 | F20: 163.12407 | G20: 170.05273 | H20: 186.36914 | I20: 195.86475 | J20: 201.53641 | K20: 206.65286 | L20: 210.36844 | M20: 214.01863 | N20: 217.90662 | O20: 221.90842 | P20: 224.93639 | Q20: 229.371 | R20: 234.94542 | S20: 239.25157 | T20: 243.65843 | U20: 246.74908 | V20: 250.24753 | W20: 255.83899 | X20: 259.13599 | Y20: 265.74377 | Z20: 271.13489 | AA20: 275.76062 | AB20: 283.54571 | AC20: 289.10193 | AD20: 293.97659 | AE20: 298.95785 | AF20: 302.97553 | AG20: 310.84103 | AH20: 0.026945
A21: EGC000:ba_NuclearPower | B21: Nuclear Power 6/ | C21: 97.120911 | D21: 92.484604 | E21: 92.860008 | F21: 92.904007 | G21: 92.954803 | H21: 91.86393 | I21: 78.538353 | J21: 70.422722 | K21: 68.100891 | L21: 61.715469 | M21: 61.801544 | N21: 59.645149 | O21: 58.45676 | P21: 57.484283 | Q21: 55.438354 | R21: 55.616707 | S21: 54.627182 | T21: 52.646942 | U21: 51.831886 | V21: 51.831886 | W21: 51.875618 | X21: 52.034546 | Y21: 52.149536 | Z21: 49.878754 | AA21: 44.363968 | AB21: 44.467846 | AC21: 44.521946 | AD21: 43.665047 | AE21: 41.858734 | AF21: 41.899445 | AG21: 41.961777 | AH21: -0.027586
A22: EGC000:ba_PumpedStorage | B22: Pumped Storage | C22: 22.778303 | D22: 22.778303 | E22: 22.778303 | F22: 22.778303 | G22: 22.778303 | H22: 22.778303 | I22: 22.778303 | J22: 22.778303 | K22: 22.778303 | L22: 22.778303 | M22: 22.778303 | N22: 22.778303 | O22: 22.778303 | P22: 22.778303 | Q22: 22.778303 | R22: 22.778303 | S22: 22.778303 | T22: 22.778303 | U22: 22.778303 | V22: 22.778303 | W22: 22.778303 | X22: 22.778303 | Y22: 22.778303 | Z22: 22.778303 | AA22: 22.778303 | AB22: 22.778303 | AC22: 22.778303 | AD22: 22.778303 | AE22: 22.778303 | AF22: 22.778303 | AG22: 22.778303 | AH22: 0
A23: EGC000:ba_DiurnalStorag | B23: Diurnal Storage | C23: 3.151 | D23: 6.9255 | E23: 8.623799 | F23: 9.5348 | G23: 10.196526 | H23: 11.049868 | I23: 11.467272 | J23: 11.890328 | K23: 12.301329 | L23: 12.712328 | M23: 13.123329 | N23: 13.123329 | O23: 13.128527 | P23: 13.128527 | Q23: 13.128527 | R23: 16.083761 | S23: 16.161716 | T23: 16.159718 | U23: 16.159718 | V23: 16.159718 | W23: 16.409718 | X23: 16.409718 | Y23: 16.409718 | Z23: 16.409718 | AA23: 16.409718 | AB23: 16.659718 | AC23: 16.659718 | AD23: 16.739216 | AE23: 17.035295 | AF23: 17.258429 | AG23: 17.777584 | AH23: 0.05937
A24: EGC000:ba_FuelCells | B24: Fuel Cells | C24: 0.2042 | D24: 0.2303 | E24: 0.2303 | F24: 0.231397 | G24: 0.232498 | H24: 0.232498 | I24: 0.232498 | J24: 0.232498 | K24: 0.232498 | L24: 0.232498 | M24: 0.232498 | N24: 0.231398 | O24: 0.231398 | P24: 0.231398 | Q24: 0.231398 | R24: 0.232443 | S24: 0.232443 | T24: 0.232443 | U24: 0.232443 | V24: 0.232443 | W24: 0.232443 | X24: 0.232443 | Y24: 0.232443 | Z24: 0.232443 | AA24: 0.232443 | AB24: 0.232443 | AC24: 0.232443 | AD24: 0.233445 | AE24: 0.233445 | AF24: 0.233445 | AG24: 0.233445 | AH24: 0.004472
A25: EGC000:ba_RenewableSour | B25: Renewable Sources 7/ | C25: 263.93091 | D25: 283.68082 | E25: 302.70618 | F25: 334.72897 | G25: 369.97696 | H25: 389.30862 | I25: 402.99243 | J25: 409.72995 | K25: 416.53796 | L25: 427.15076 | M25: 435.90375 | N25: 439.85443 | O25: 445.55588 | P25: 452.2225 | Q25: 463.27234 | R25: 476.52661 | S25: 486.44336 | T25: 493.01562 | U25: 502.82404 | V25: 508.07126 | W25: 514.43146 | X25: 519.57922 | Y25: 524.2912 | Z25: 531.30829 | AA25: 540.67932 | AB25: 550.00958 | AC25: 563.00537 | AD25: 580.09589 | AE25: 601.65747 | AF25: 626.57434 | AG25: 637.31628 | AH25: 0.029822
A26: EGC000:ba_DistributedGe | B26: Distributed Generation (Natural Gas) 8/ | C26: 0 | D26: 0 | E26: 1.557683 | F26: 2.029814 | G26: 2.589538 | H26: 3.788425 | I26: 4.369585 | J26: 5.052324 | K26: 5.972651 | L26: 6.829225 | M26: 7.551871 | N26: 8.336995 | O26: 9.196261 | P26: 10.102161 | Q26: 11.118253 | R26: 12.202368 | S26: 13.468646 | T26: 14.828192 | U26: 16.063656 | V26: 17.33741 | W26: 18.650297 | X26: 19.995911 | Y26: 21.409273 | Z26: 23.142252 | AA26: 24.906137 | AB26: 26.691204 | AC26: 28.452904 | AD26: 30.297573 | AE26: 32.29063 | AF26: 34.308743 | AG26: 36.505852 | AH26: - -
A27: EGC000:ba_Total | B27: Total | C27: 1062.5685 | D27: 1091.1744 | E27: 1122.1857 | F27: 1142.1067 | G27: 1178.7061 | H27: 1182.4419 | I27: 1205.7122 | J27: 1226.0745 | K27: 1238.4241 | L27: 1243.2341 | M27: 1259.1097 | N27: 1268.5752 | O27: 1280.8389 | P27: 1292.8097 | Q27: 1309.5 | R27: 1334.6233 | S27: 1353.8286 | T27: 1370.6581 | U27: 1388.0643 | V27: 1402.1615 | W27: 1421.3959 | X27: 1436.1086 | Y27: 1454.5468 | Z27: 1474.8383 | AA27: 1494.5382 | AB27: 1515.8528 | AC27: 1541.0117 | AD27: 1569.2681 | AE27: 1602.0544 | AF27: 1636.842 | AG27: 1664.3718 | AH27: 0.015071
B28: Combined Heat and Power 9/
A29: EGC000:ca_CoalSteam | B29: Coal | C29: 1.8879 | D29: 1.7829 | E29: 1.7829 | F29: 1.7829 | G29: 1.7829 | H29: 1.7829 | I29: 1.7829 | J29: 1.7829 | K29: 1.7829 | L29: 1.7829 | M29: 1.7829 | N29: 1.7829 | O29: 1.7829 | P29: 1.7829 | Q29: 1.7829 | R29: 1.7829 | S29: 1.7829 | T29: 1.7829 | U29: 1.7829 | V29: 1.7829 | W29: 1.7829 | X29: 1.7829 | Y29: 1.7829 | Z29: 1.7829 | AA29: 1.7829 | AB29: 1.7829 | AC29: 1.7829 | AD29: 1.7829 | AE29: 1.7829 | AF29: 1.7829 | AG29: 1.7829 | AH29: -0.001906
A30: EGC000:ca_OtherFossilSt | B30: Oil and Natural Gas Steam 5/ | C30: 0.6218 | D30: 0.6218 | E30: 0.6218 | F30: 0.6218 | G30: 0.6218 | H30: 0.6218 | I30: 0.6218 | J30: 0.6218 | K30: 0.6218 | L30: 0.6218 | M30: 0.6218 | N30: 0.6218 | O30: 0.6218 | P30: 0.6218 | Q30: 0.6218 | R30: 0.6218 | S30: 0.6218 | T30: 0.6218 | U30: 0.6218 | V30: 0.6218 | W30: 0.6218 | X30: 0.6218 | Y30: 0.6218 | Z30: 0.6218 | AA30: 0.6218 | AB30: 0.6218 | AC30: 0.6218 | AD30: 0.6218 | AE30: 0.6218 | AF30: 0.6218 | AG30: 0.6218 | AH30: 0
A31: EGC000:ca_CombinedCycle | B31: Combined Cycle | C31: 21.979706 | D31: 21.979706 | E31: 21.979706 | F31: 21.801105 | G31: 21.801105 | H31: 21.801105 | I31: 21.801105 | J31: 21.801105 | K31: 21.801105 | L31: 21.801105 | M31: 21.801105 | N31: 21.801105 | O31: 21.801105 | P31: 21.801105 | Q31: 21.801105 | R31: 21.801105 | S31: 21.801105 | T31: 21.801105 | U31: 21.801105 | V31: 21.801105 | W31: 21.801105 | X31: 21.801105 | Y31: 21.801105 | Z31: 21.801105 | AA31: 21.801105 | AB31: 21.801105 | AC31: 21.801105 | AD31: 21.801105 | AE31: 21.801105 | AF31: 21.801105 | AG31: 21.801105 | AH31: -0.000272
A32: EGC000:ca_CombustionTur | B32: Combustion Turbine/Diesel | C32: 3.1476 | D32: 3.1476 | E32: 3.1476 | F32: 3.1476 | G32: 3.1476 | H32: 3.1476 | I32: 3.1476 | J32: 3.1476 | K32: 3.1476 | L32: 3.1476 | M32: 3.1476 | N32: 3.1476 | O32: 3.1476 | P32: 3.1476 | Q32: 3.1476 | R32: 3.1476 | S32: 3.1476 | T32: 3.1476 | U32: 3.1476 | V32: 3.1476 | W32: 3.1476 | X32: 3.1476 | Y32: 3.1476 | Z32: 3.1476 | AA32: 3.1476 | AB32: 3.1476 | AC32: 3.1476 | AD32: 3.1476 | AE32: 3.1476 | AF32: 3.1476 | AG32: 3.1476 | AH32: 0
A33: EGC000:ca_RenewableSour | B33: Renewable Sources 7/ | C33: 0.9772 | D33: 0.9792 | E33: 0.9792 | F33: 0.9792 | G33: 0.9792 | H33: 0.9792 | I33: 0.9792 | J33: 0.9792 | K33: 0.9792 | L33: 0.9792 | M33: 0.9792 | N33: 0.9792 | O33: 0.9792 | P33: 0.9792 | Q33: 0.9792 | R33: 0.9792 | S33: 0.9792 | T33: 0.9792 | U33: 0.9792 | V33: 0.9792 | W33: 0.9792 | X33: 0.9792 | Y33: 0.9792 | Z33: 0.9792 | AA33: 0.9792 | AB33: 0.9792 | AC33: 0.9792 | AD33: 0.9792 | AE33: 0.9792 | AF33: 0.9792 | AG33: 0.9792 | AH33: 6.8e-05
A34: EGC000:ca_Total | B34: Total | C34: 28.614206 | D34: 28.511206 | E34: 28.511206 | F34: 28.332605 | G34: 28.332605 | H34: 28.332605 | I34: 28.332605 | J34: 28.332605 | K34: 28.332605 | L34: 28.332605 | M34: 28.332605 | N34: 28.332605 | O34: 28.332605 | P34: 28.332605 | Q34: 28.332605 | R34: 28.332605 | S34: 28.332605 | T34: 28.332605 | U34: 28.332605 | V34: 28.332605 | W34: 28.332605 | X34: 28.332605 | Y34: 28.332605 | Z34: 28.332605 | AA34: 28.332605 | AB34: 28.332605 | AC34: 28.332605 | AD34: 28.332605 | AE34: 28.332605 | AF34: 28.332605 | AG34: 28.332605 | AH34: -0.00033
B36: Cumulative Planned Additions 10/
A37: EGC000:da_CoalSteam | B37: Coal | C37: - - | D37: 0 | E37: 0 | F37: 0 | G37: 0 | H37: 0 | I37: 0 | J37: 0 | K37: 0 | L37: 0 | M37: 0 | N37: 0 | O37: 0 | P37: 0 | Q37: 0 | R37: 0 | S37: 0 | T37: 0 | U37: 0 | V37: 0 | W37: 0 | X37: 0 | Y37: 0 | Z37: 0 | AA37: 0 | AB37: 0 | AC37: 0 | AD37: 0 | AE37: 0 | AF37: 0 | AG37: 0 | AH37: - -
A38: EGC000:da_OtherFossilSt | B38: Oil and Natural Gas Steam 5/ | C38: - - | D38: 0 | E38: 0 | F38: 0 | G38: 0 | H38: 0 | I38: 0 | J38: 0 | K38: 0 | L38: 0 | M38: 0 | N38: 0 | O38: 0 | P38: 0 | Q38: 0 | R38: 0 | S38: 0 | T38: 0 | U38: 0 | V38: 0 | W38: 0 | X38: 0 | Y38: 0 | Z38: 0 | AA38: 0 | AB38: 0 | AC38: 0 | AD38: 0 | AE38: 0 | AF38: 0 | AG38: 0 | AH38: - -
A39: EGC000:da_CombinedCycle | B39: Combined Cycle | C39: - - | D39: 3.3792 | E39: 17.000202 | F39: 17.000202 | G39: 17.000202 | H39: 17.000202 | I39: 17.000202 | J39: 17.000202 | K39: 17.000202 | L39: 17.000202 | M39: 17.000202 | N39: 17.000202 | O39: 17.000202 | P39: 17.000202 | Q39: 17.000202 | R39: 17.000202 | S39: 17.000202 | T39: 17.000202 | U39: 17.000202 | V39: 17.000202 | W39: 17.000202 | X39: 17.000202 | Y39: 17.000202 | Z39: 17.000202 | AA39: 17.000202 | AB39: 17.000202 | AC39: 17.000202 | AD39: 17.000202 | AE39: 17.000202 | AF39: 17.000202 | AG39: 17.000202 | AH39: - -
A40: EGC000:da_CombustionTur | B40: Combustion Turbine/Diesel | C40: - - | D40: 3.2778 | E40: 4.028899 | F40: 4.028899 | G40: 4.545899 | H40: 4.545899 | I40: 4.545899 | J40: 4.545899 | K40: 4.545899 | L40: 4.545899 | M40: 4.545899 | N40: 4.545899 | O40: 4.545899 | P40: 4.545899 | Q40: 4.545899 | R40: 4.545899 | S40: 4.545899 | T40: 4.545899 | U40: 4.545899 | V40: 4.545899 | W40: 4.545899 | X40: 4.545899 | Y40: 4.545899 | Z40: 4.545899 | AA40: 4.545899 | AB40: 4.545899 | AC40: 4.545899 | AD40: 4.545899 | AE40: 4.545899 | AF40: 4.545899 | AG40: 4.545899 | AH40: - -
A41: EGC000:da_NuclearPower | B41: Nuclear Power | C41: - - | D41: 1.1 | E41: 2.2 | F41: 2.2 | G41: 2.2 | H41: 2.2 | I41: 2.2 | J41: 2.2 | K41: 2.2 | L41: 2.2 | M41: 2.2 | N41: 2.2 | O41: 2.2 | P41: 2.2 | Q41: 2.2 | R41: 2.2 | S41: 2.2 | T41: 2.2 | U41: 2.2 | V41: 2.2 | W41: 2.2 | X41: 2.2 | Y41: 2.2 | Z41: 2.2 | AA41: 2.2 | AB41: 2.2 | AC41: 2.2 | AD41: 2.2 | AE41: 2.2 | AF41: 2.2 | AG41: 2.2 | AH41: - -
A42: EGC000:da_PumpedStorage | B42: Pumped Storage | C42: - - | D42: 0 | E42: 0 | F42: 0 | G42: 0 | H42: 0 | I42: 0 | J42: 0 | K42: 0 | L42: 0 | M42: 0 | N42: 0 | O42: 0 | P42: 0 | Q42: 0 | R42: 0 | S42: 0 | T42: 0 | U42: 0 | V42: 0 | W42: 0 | X42: 0 | Y42: 0 | Z42: 0 | AA42: 0 | AB42: 0 | AC42: 0 | AD42: 0 | AE42: 0 | AF42: 0 | AG42: 0 | AH42: - -
A43: EGC000:da_DiurnalStorag | B43: Diurnal Storage | C43: - - | D43: 3.7745 | E43: 5.472799 | F43: 6.3838 | G43: 7.0148 | H43: 7.4578 | I43: 7.8688 | J43: 8.2798 | K43: 8.6908 | L43: 9.101799 | M43: 9.5128 | N43: 9.5128 | O43: 9.5128 | P43: 9.5128 | Q43: 9.5128 | R43: 12.462799 | S43: 12.462799 | T43: 12.462799 | U43: 12.462799 | V43: 12.462799 | W43: 12.7128 | X43: 12.7128 | Y43: 12.7128 | Z43: 12.7128 | AA43: 12.7128 | AB43: 12.9628 | AC43: 12.9628 | AD43: 12.9628 | AE43: 12.9628 | AF43: 12.9628 | AG43: 12.9628 | AH43: - -
A44: EGC000:da_FuelCells | B44: Fuel Cells | C44: - - | D44: 0.0261 | E44: 0.0261 | F44: 0.0261 | G44: 0.0261 | H44: 0.0261 | I44: 0.0261 | J44: 0.0261 | K44: 0.0261 | L44: 0.0261 | M44: 0.0261 | N44: 0.0261 | O44: 0.0261 | P44: 0.0261 | Q44: 0.0261 | R44: 0.0261 | S44: 0.0261 | T44: 0.0261 | U44: 0.0261 | V44: 0.0261 | W44: 0.0261 | X44: 0.0261 | Y44: 0.0261 | Z44: 0.0261 | AA44: 0.0261 | AB44: 0.0261 | AC44: 0.0261 | AD44: 0.0261 | AE44: 0.0261 | AF44: 0.0261 | AG44: 0.0261 | AH44: - -
A45: EGC000:da_RenewableSour | B45: Renewable Sources 7/ | C45: - - | D45: 19.650896 | E45: 29.922707 | F45: 32.861702 | G45: 33.421703 | H45: 33.421703 | I45: 33.421703 | J45: 33.421703 | K45: 35.421707 | L45: 35.421707 | M45: 42.521709 | N45: 42.521709 | O45: 42.521709 | P45: 42.521709 | Q45: 47.721706 | R45: 55.921703 | S45: 55.921703 | T45: 55.921703 | U45: 55.921703 | V45: 55.921703 | W45: 55.921703 | X45: 55.921703 | Y45: 55.921703 | Z45: 55.921703 | AA45: 55.921703 | AB45: 55.921703 | AC45: 55.921703 | AD45: 55.921703 | AE45: 55.921703 | AF45: 55.921703 | AG45: 55.921703 | AH45: - -
A46: EGC000:da_DistributedGe | B46: Distributed Generation 8/ | C46: - - | D46: 0 | E46: 0 | F46: 0 | G46: 0 | H46: 0 | I46: 0 | J46: 0 | K46: 0 | L46: 0 | M46: 0 | N46: 0 | O46: 0 | P46: 0 | Q46: 0 | R46: 0 | S46: 0 | T46: 0 | U46: 0 | V46: 0 | W46: 0 | X46: 0 | Y46: 0 | Z46: 0 | AA46: 0 | AB46: 0 | AC46: 0 | AD46: 0 | AE46: 0 | AF46: 0 | AG46: 0 | AH46: - -
A47: EGC000:da_Total | B47: Total | C47: - - | D47: 31.208511 | E47: 58.650719 | F47: 62.500725 | G47: 64.208717 | H47: 64.651718 | I47: 65.062721 | J47: 65.473724 | K47: 67.88472 | L47: 68.295723 | M47: 75.806725 | N47: 75.806725 | O47: 75.806725 | P47: 75.806725 | Q47: 81.006729 | R47: 92.156731 | S47: 92.156731 | T47: 92.156731 | U47: 92.156731 | V47: 92.156731 | W47: 92.406731 | X47: 92.406731 | Y47: 92.406731 | Z47: 92.406731 | AA47: 92.406731 | AB47: 92.656731 | AC47: 92.656731 | AD47: 92.656731 | AE47: 92.656731 | AF47: 92.656731 | AG47: 92.656731 | AH47: - -
B48: Cumulative Unplanned Additions 10/
A49: EGC000:ea_CoalSteam | B49: Coal | C49: - - | D49: 0 | E49: 0 | F49: 0 | G49: 0 | H49: 0 | I49: 0 | J49: 0 | K49: 0 | L49: 0 | M49: 0 | N49: 0 | O49: 0 | P49: 0 | Q49: 0 | R49: 0 | S49: 0 | T49: 0 | U49: 0 | V49: 0 | W49: 0 | X49: 0 | Y49: 0 | Z49: 0 | AA49: 0 | AB49: 0 | AC49: 0 | AD49: 0 | AE49: 0 | AF49: 0 | AG49: 0 | AH49: - -
A50: EGC000:ea_OtherFossilSt | B50: Oil and Natural Gas Steam 5/ | C50: - - | D50: 0 | E50: 0 | F50: 0 | G50: 0 | H50: 0 | I50: 0 | J50: 0 | K50: 0 | L50: 0 | M50: 0 | N50: 0 | O50: 0 | P50: 0 | Q50: 0 | R50: 0 | S50: 0 | T50: 0 | U50: 0 | V50: 0 | W50: 0 | X50: 0 | Y50: 0 | Z50: 0 | AA50: 0 | AB50: 0 | AC50: 0 | AD50: 0 | AE50: 0 | AF50: 0 | AG50: 0 | AH50: - -
A51: EGC000:ea_CombinedCycle | B51: Combined Cycle | C51: - - | D51: 0 | E51: 0 | F51: 6.855511 | G51: 16.450567 | H51: 38.256062 | I51: 58.905983 | J51: 83.765274 | K51: 90.179405 | L51: 95.041962 | M51: 100.93546 | N51: 107.21101 | O51: 113.17733 | P51: 117.94572 | Q51: 122.9622 | R51: 127.69555 | S51: 133.2332 | T51: 140.0453 | U51: 146.25227 | V51: 151.44778 | W51: 157.12399 | X51: 162.22754 | Y51: 168.32851 | Z51: 176.74976 | AA51: 186.22479 | AB51: 191.34714 | AC51: 196.81821 | AD51: 202.66997 | AE51: 209.54069 | AF51: 213.72131 | AG51: 219.86516 | AH51: - -
A52: EGC000:ea_CombustionTur | B52: Combustion Turbine/Diesel | C52: - - | D52: 8.708146 | E52: 13.355809 | F52: 19.833431 | G52: 26.814489 | H52: 43.190498 | I52: 53.946213 | J52: 60.250496 | K52: 65.372116 | L52: 69.087692 | M52: 73.102402 | N52: 76.990356 | O52: 81.154198 | P52: 84.302963 | Q52: 88.756134 | R52: 94.347572 | S52: 98.653748 | T52: 103.06061 | U52: 106.16376 | V52: 109.66218 | W52: 115.25362 | X52: 118.75964 | Y52: 125.39948 | Z52: 130.79056 | AA52: 135.41631 | AB52: 143.28834 | AC52: 148.84459 | AD52: 153.71924 | AE52: 158.76604 | AF52: 162.78371 | AG52: 170.6492 | AH52: - -
A53: EGC000:ea_NuclearPower | B53: Nuclear Power | C53: - - | D53: 0 | E53: 0 | F53: 0 | G53: 0 | H53: 0 | I53: 0 | J53: 0 | K53: 0 | L53: 0 | M53: 0 | N53: 0 | O53: 0 | P53: 0 | Q53: 0 | R53: 0 | S53: 0 | T53: 0 | U53: 0 | V53: 0 | W53: 0 | X53: 0 | Y53: 0 | Z53: 0 | AA53: 0 | AB53: 0 | AC53: 0 | AD53: 0 | AE53: 0 | AF53: 0 | AG53: 0 | AH53: - -
A54: EGC000:ea_PumpedStorage | B54: Pumped Storage | C54: - - | D54: 0 | E54: 0 | F54: 0 | G54: 0 | H54: 0 | I54: 0 | J54: 0 | K54: 0 | L54: 0 | M54: 0 | N54: 0 | O54: 0 | P54: 0 | Q54: 0 | R54: 0 | S54: 0 | T54: 0 | U54: 0 | V54: 0 | W54: 0 | X54: 0 | Y54: 0 | Z54: 0 | AA54: 0 | AB54: 0 | AC54: 0 | AD54: 0 | AE54: 0 | AF54: 0 | AG54: 0 | AH54: - -
A55: EGC000:ea_DiurnalStorag | B55: Diurnal Storage | C55: - - | D55: 0 | E55: 0 | F55: 0 | G55: 0.031726 | H55: 0.442067 | I55: 0.448471 | J55: 0.460528 | K55: 0.460528 | L55: 0.460528 | M55: 0.460528 | N55: 0.460528 | O55: 0.465726 | P55: 0.465726 | Q55: 0.465726 | R55: 0.470962 | S55: 0.548917 | T55: 0.548917 | U55: 0.548917 | V55: 0.548917 | W55: 0.548917 | X55: 0.548917 | Y55: 0.548917 | Z55: 0.548917 | AA55: 0.548917 | AB55: 0.548917 | AC55: 0.548917 | AD55: 0.628415 | AE55: 0.924495 | AF55: 1.147628 | AG55: 1.666782 | AH55: - -
A56: EGC000:ea_FuelCells | B56: Fuel Cells | C56: - - | D56: 0 | E56: 0 | F56: 0.001097 | G56: 0.002198 | H56: 0.002198 | I56: 0.002198 | J56: 0.002198 | K56: 0.002198 | L56: 0.002198 | M56: 0.002198 | N56: 0.002198 | O56: 0.002198 | P56: 0.002198 | Q56: 0.002198 | R56: 0.003243 | S56: 0.003243 | T56: 0.003243 | U56: 0.003243 | V56: 0.003243 | W56: 0.003243 | X56: 0.003243 | Y56: 0.003243 | Z56: 0.003243 | AA56: 0.003243 | AB56: 0.003243 | AC56: 0.003243 | AD56: 0.004245 | AE56: 0.004245 | AF56: 0.004245 | AG56: 0.004245 | AH56: - -
A57: EGC000:ea_RenewableSour | B57: Renewable Sources 7/ | C57: - - | D57: 0.100994 | E57: 8.866649 | F57: 37.973278 | G57: 72.677269 | H57: 92.013435 | I57: 105.6973 | J57: 112.43943 | K57: 117.45568 | L57: 128.14792 | M57: 129.80087 | N57: 133.75157 | O57: 139.453 | P57: 146.11961 | Q57: 151.96945 | R57: 157.02373 | S57: 166.94049 | T57: 173.51283 | U57: 183.32109 | V57: 188.56845 | W57: 194.92856 | X57: 200.07631 | Y57: 204.78832 | Z57: 211.80543 | AA57: 221.25636 | AB57: 230.58656 | AC57: 243.58241 | AD57: 260.6759 | AE57: 282.23746 | AF57: 307.16946 | AG57: 317.91125 | AH57: - -
A58: EGC000:ea_DistributedGe | B58: Distributed Generation 8/ | C58: - - | D58: 0 | E58: 1.557683 | F58: 2.029814 | G58: 2.589538 | H58: 3.788425 | I58: 4.369585 | J58: 5.052324 | K58: 5.972651 | L58: 6.829225 | M58: 7.551871 | N58: 8.336995 | O58: 9.196261 | P58: 10.102161 | Q58: 11.118253 | R58: 12.202368 | S58: 13.468646 | T58: 14.828192 | U58: 16.063656 | V58: 17.33741 | W58: 18.650297 | X58: 19.995911 | Y58: 21.409273 | Z58: 23.142252 | AA58: 24.906137 | AB58: 26.691204 | AC58: 28.452904 | AD58: 30.297573 | AE58: 32.29063 | AF58: 34.308743 | AG58: 36.505852 | AH58: - -
A59: EGC000:ea_Total | B59: Total | C59: - - | D59: 8.809139 | E59: 23.780142 | F59: 66.693123 | G59: 118.56578 | H59: 177.6927 | I59: 223.36971 | J59: 261.97018 | K59: 279.4425 | L59: 299.5694 | M59: 311.85327 | N59: 326.75259 | O59: 343.44867 | P59: 358.93835 | Q59: 375.27405 | R59: 391.74344 | S59: 412.84818 | T59: 431.99893 | U59: 452.353 | V59: 467.56793 | W59: 486.5087 | X59: 501.6116 | Y59: 520.47778 | Z59: 543.04028 | AA59: 568.35583 | AB59: 592.46545 | AC59: 618.25018 | AD59: 647.99548 | AE59: 683.76337 | AF59: 719.13477 | AG59: 746.60254 | AH59: - -
A60: EGC000:ea_CumulativeEle | B60: Cumulative Electric Power Sector Additions 10 | C60: - - | D60: 40.017651 | E60: 82.430862 | F60: 129.19385 | G60: 182.77451 | H60: 242.34442 | I60: 288.43243 | J60: 327.44391 | K60: 347.32721 | L60: 367.86511 | M60: 387.66 | N60: 402.55933 | O60: 419.2554 | P60: 434.74509 | Q60: 456.28076 | R60: 483.90018 | S60: 505.00491 | T60: 524.15564 | U60: 544.50971 | V60: 559.72467 | W60: 578.9154 | X60: 594.01831 | Y60: 612.88452 | Z60: 635.44702 | AA60: 660.76257 | AB60: 685.12219 | AC60: 710.90692 | AD60: 740.65222 | AE60: 776.42011 | AF60: 811.7915 | AG60: 839.25928 | AH60: - -
B62: Cumulative Retirements 11/
A63: EGC000:fa_CoalSteam | B63: Coal | C63: - - | D63: 4.5084 | E63: 9.220699 | F63: 29.479296 | G63: 39.575901 | H63: 89.742378 | I63: 93.867584 | J63: 102.27149 | K63: 105.57249 | L63: 108.062 | M63: 110.594 | N63: 112.012 | O63: 114.85101 | P63: 116.47001 | Q63: 118.6058 | R63: 120.22181 | S63: 120.22181 | T63: 120.56081 | U63: 122.68079 | V63: 123.0198 | W63: 123.0198 | X63: 123.3598 | Y63: 123.3598 | Z63: 123.3598 | AA63: 123.38079 | AB63: 126.30979 | AC63: 126.9898 | AD63: 126.9898 | AE63: 128.09979 | AF63: 128.09979 | AG63: 128.09979 | AH63: - -
A64: EGC000:fa_OtherFossilSt | B64: Oil and Natural Gas Steam 5/ | C64: - - | D64: 1.1951 | E64: 6.046201 | F64: 10.624702 | G64: 15.805702 | H64: 18.874302 | I64: 22.981003 | J64: 24.023502 | K64: 25.671501 | L64: 32.400902 | M64: 32.445904 | N64: 33.419407 | O64: 33.662407 | P64: 34.406208 | Q64: 34.909206 | R64: 35.879707 | S64: 36.789703 | T64: 36.789703 | U64: 36.789703 | V64: 36.915703 | W64: 36.915703 | X64: 36.915703 | Y64: 36.915703 | Z64: 36.915703 | AA64: 36.915703 | AB64: 37.021706 | AC64: 37.021706 | AD64: 37.021706 | AE64: 37.021706 | AF64: 37.574707 | AG64: 37.574707 | AH64: - -
A65: EGC000:fa_CombinedCycle | B65: Combined Cycle | C65: - - | D65: 0.056 | E65: 1.077 | F65: 2.6442 | G65: 3.8123 | H65: 5.256402 | I65: 5.256402 | J65: 5.706402 | K65: 5.755802 | L65: 5.799901 | M65: 6.863701 | N65: 7.748702 | O65: 7.748702 | P65: 7.811402 | Q65: 7.953402 | R65: 8.024402 | S65: 8.024402 | T65: 8.024402 | U65: 8.024402 | V65: 8.677402 | W65: 8.677402 | X65: 8.677402 | Y65: 9.188502 | Z65: 9.188502 | AA65: 9.188502 | AB65: 9.215502 | AC65: 9.215502 | AD65: 9.844501 | AE65: 9.844501 | AF65: 9.901102 | AG65: 9.901102 | AH65: - -
A66: EGC000:fa_CombustionTur | B66: Combustion Turbine/Diesel | C66: - - | D66: 0.0188 | E66: 0.0996 | F66: 0.7371 | G66: 1.3065 | H66: 1.3661 | I66: 2.6262 | J66: 3.258801 | K66: 3.264 | L66: 3.264 | M66: 3.6285 | N66: 3.6285 | O66: 3.790501 | P66: 3.911301 | Q66: 3.929901 | R66: 3.946901 | S66: 3.946901 | T66: 3.946901 | U66: 3.959401 | V66: 3.959401 | W66: 3.959401 | X66: 4.168401 | Y66: 4.200401 | Z66: 4.200401 | AA66: 4.200401 | AB66: 4.287401 | AC66: 4.287401 | AD66: 4.287401 | AE66: 4.352901 | AF66: 4.352901 | AG66: 4.352901 | AH66: - -
A67: EGC000:fa_NuclearPower | B67: Nuclear Power | C67: - - | D67: 5.7363 | E67: 6.5079 | F67: 6.5079 | G67: 6.5079 | H67: 7.6299 | I67: 20.986601 | J67: 29.137402 | K67: 31.494406 | L67: 37.924797 | M67: 37.924797 | N67: 40.219898 | O67: 41.504597 | P67: 42.569599 | Q67: 44.703598 | R67: 44.703598 | S67: 45.825699 | T67: 47.832699 | U67: 48.674496 | V67: 48.674496 | W67: 48.674496 | X67: 48.674496 | Y67: 48.674496 | Z67: 51.056198 | AA67: 56.666897 | AB67: 56.666897 | AC67: 56.666897 | AD67: 57.5779 | AE67: 59.417896 | AF67: 59.417896 | AG67: 59.417896 | AH67: - -
A68: EGC000:fa_PumpedStorage | B68: Pumped Storage | C68: - - | D68: 0 | E68: 0 | F68: 0 | G68: 0 | H68: 0 | I68: 0 | J68: 0 | K68: 0 | L68: 0 | M68: 0 | N68: 0 | O68: 0 | P68: 0 | Q68: 0 | R68: 0 | S68: 0 | T68: 0 | U68: 0 | V68: 0 | W68: 0 | X68: 0 | Y68: 0 | Z68: 0 | AA68: 0 | AB68: 0 | AC68: 0 | AD68: 0 | AE68: 0 | AF68: 0 | AG68: 0 | AH68: - -
A69: EGC000:fa_DiurnalStorag | B69: Diurnal Storage | C69: - - | D69: 0 | E69: 0 | F69: 0 | G69: 0.001 | H69: 0.001 | I69: 0.001 | J69: 0.001 | K69: 0.001 | L69: 0.001 | M69: 0.001 | N69: 0.001 | O69: 0.001 | P69: 0.001 | Q69: 0.001 | R69: 0.001 | S69: 0.001 | T69: 0.003 | U69: 0.003 | V69: 0.003 | W69: 0.003 | X69: 0.003 | Y69: 0.003 | Z69: 0.003 | AA69: 0.003 | AB69: 0.003 | AC69: 0.003 | AD69: 0.003 | AE69: 0.003 | AF69: 0.003 | AG69: 0.003 | AH69: - -
A70: EGC000:fa_FuelCells | B70: Fuel Cells | C70: - - | D70: 0 | E70: 0 | F70: 0 | G70: 0 | H70: 0 | I70: 0 | J70: 0 | K70: 0 | L70: 0 | M70: 0 | N70: 0.0011 | O70: 0.0011 | P70: 0.0011 | Q70: 0.0011 | R70: 0.0011 | S70: 0.0011 | T70: 0.0011 | U70: 0.0011 | V70: 0.0011 | W70: 0.0011 | X70: 0.0011 | Y70: 0.0011 | Z70: 0.0011 | AA70: 0.0011 | AB70: 0.0011 | AC70: 0.0011 | AD70: 0.0011 | AE70: 0.0011 | AF70: 0.0011 | AG70: 0.0011 | AH70: - -
A71: EGC000:fa_RenewableSour | B71: Renewable Sources 7/ | C71: - - | D71: 0 | E71: 0.0121 | F71: 0.0349 | G71: 0.0509 | H71: 0.0554 | I71: 0.0554 | J71: 0.06 | K71: 0.2323 | L71: 0.3117 | M71: 0.3117 | N71: 0.3117 | O71: 0.3117 | P71: 0.3117 | Q71: 0.3117 | R71: 0.3117 | S71: 0.3117 | T71: 0.3117 | U71: 0.3117 | V71: 0.3117 | W71: 0.3117 | X71: 0.3117 | Y71: 0.3117 | Z71: 0.3117 | AA71: 0.3916 | AB71: 0.3916 | AC71: 0.3916 | AD71: 0.3946 | AE71: 0.3946 | AF71: 0.4096 | AG71: 0.4096 | AH71: - -
A72: EGC000:fa_Total | B72: Total | C72: - - | D72: 11.514603 | E72: 22.963499 | F72: 50.028084 | G72: 67.060181 | H72: 122.9255 | I72: 145.77422 | J72: 164.45862 | K72: 172.02751 | L72: 187.80028 | M72: 191.80557 | N72: 197.37825 | O72: 201.90698 | P72: 205.51829 | Q72: 210.45167 | R72: 213.12617 | S72: 215.15828 | T72: 217.50627 | U72: 220.48055 | V72: 221.59854 | W72: 221.59854 | X72: 222.14754 | Y72: 222.69063 | Z72: 225.07233 | AA72: 230.78398 | AB72: 233.93297 | AC72: 234.61296 | AD72: 236.15598 | AE72: 239.17146 | AF72: 239.79607 | AG72: 239.79607 | AH72: - -
A74: EGC000:ga_TotalElectric | B74: Total Electric Power Sector Capacity | C74: 1091.1827 | D74: 1119.6857 | E74: 1150.6969 | F74: 1170.4393 | G74: 1207.0387 | H74: 1210.7745 | I74: 1234.0448 | J74: 1254.4071 | K74: 1266.7567 | L74: 1271.5668 | M74: 1287.4424 | N74: 1296.9078 | O74: 1309.1715 | P74: 1321.1423 | Q74: 1337.8326 | R74: 1362.9559 | S74: 1382.1613 | T74: 1398.9907 | U74: 1416.397 | V74: 1430.4941 | W74: 1449.7285 | X74: 1464.4413 | Y74: 1482.8794 | Z74: 1503.1709 | AA74: 1522.8709 | AB74: 1544.1854 | AC74: 1569.3444 | AD74: 1597.6007 | AE74: 1630.3871 | AF74: 1665.1747 | AG74: 1692.7045 | AH74: 0.014743
B76: End-Use Generators 12/
A77: EGC000:ha_Coal | B77: Coal | C77: 1.94556 | D77: 1.916276 | E77: 1.925017 | F77: 1.922601 | G77: 1.926983 | H77: 1.926186 | I77: 1.924083 | J77: 1.920661 | K77: 1.916551 | L77: 1.910062 | M77: 1.907287 | N77: 1.903833 | O77: 1.900576 | P77: 1.895256 | Q77: 1.891755 | R77: 1.890439 | S77: 1.887616 | T77: 1.88537 | U77: 1.884536 | V77: 1.883561 | W77: 1.879852 | X77: 1.877477 | Y77: 1.876735 | Z77: 1.877751 | AA77: 1.875301 | AB77: 1.874235 | AC77: 1.87176 | AD77: 1.868565 | AE77: 1.866995 | AF77: 1.865326 | AG77: 1.865263 | AH77: -0.001404
A78: EGC000:ha_Petroleum | B78: Petroleum | C78: 0.568761 | D78: 0.568761 | E78: 0.568761 | F78: 0.568761 | G78: 0.568761 | H78: 0.568761 | I78: 0.568761 | J78: 0.568761 | K78: 0.568761 | L78: 0.568761 | M78: 0.568761 | N78: 0.568761 | O78: 0.568761 | P78: 0.568761 | Q78: 0.568761 | R78: 0.568761 | S78: 0.568761 | T78: 0.568761 | U78: 0.568761 | V78: 0.568761 | W78: 0.568761 | X78: 0.568761 | Y78: 0.568761 | Z78: 0.568761 | AA78: 0.568761 | AB78: 0.568761 | AC78: 0.568761 | AD78: 0.568761 | AE78: 0.568761 | AF78: 0.568761 | AG78: 0.568761 | AH78: 0
A79: EGC000:ha_NaturalGas | B79: Natural Gas | C79: 17.840422 | D79: 18.414034 | E79: 18.744448 | F79: 19.040003 | G79: 19.390608 | H79: 19.757416 | I79: 20.138281 | J79: 20.523817 | K79: 20.906796 | L79: 21.285425 | M79: 21.655716 | N79: 22.032509 | O79: 22.409348 | P79: 22.789431 | Q79: 23.18235 | R79: 23.596098 | S79: 24.022133 | T79: 24.469906 | U79: 24.94371 | V79: 25.43655 | W79: 25.943195 | X79: 26.494547 | Y79: 27.106615 | Z79: 27.799932 | AA79: 28.55995 | AB79: 29.406044 | AC79: 30.335108 | AD79: 31.345692 | AE79: 32.447323 | AF79: 33.679142 | AG79: 35.076496 | AH79: 0.022791
A80: EGC000:ha_OtherGaseousF | B80: Other Gaseous Fuels 13/ | C80: 2.84635 | D80: 2.86975 | E80: 2.88985 | F80: 2.88985 | G80: 2.88985 | H80: 2.88985 | I80: 2.88985 | J80: 2.88985 | K80: 2.88985 | L80: 2.88985 | M80: 2.88985 | N80: 2.88985 | O80: 2.88985 | P80: 2.88985 | Q80: 2.88985 | R80: 2.88985 | S80: 2.88985 | T80: 2.88985 | U80: 2.88985 | V80: 2.88985 | W80: 2.88985 | X80: 2.88985 | Y80: 2.88985 | Z80: 2.88985 | AA80: 2.88985 | AB80: 2.88985 | AC80: 2.88985 | AD80: 2.88985 | AE80: 2.88985 | AF80: 2.88985 | AG80: 2.88985 | AH80: 0.000506
A81: EGC000:ha_RenewableSour | B81: Renewable Sources 7/ | C81: 40.20483 | D81: 45.801537 | E81: 50.177376 | F81: 53.586945 | G81: 56.823536 | H81: 60.726688 | I81: 64.043724 | J81: 68.181313 | K81: 71.735199 | L81: 75.26059 | M81: 78.723595 | N81: 82.729477 | O81: 86.037529 | P81: 89.811134 | Q81: 93.586372 | R81: 97.505814 | S81: 102.02862 | T81: 105.99029 | U81: 110.25511 | V81: 114.54185 | W81: 118.97092 | X81: 123.35316 | Y81: 127.81803 | Z81: 132.41515 | AA81: 136.86403 | AB81: 141.62399 | AC81: 146.97783 | AD81: 151.49603 | AE81: 155.98624 | AF81: 160.29065 | AG81: 164.92387 | AH81: 0.048174
A82: EGC000:ha_Other | B82: Other 14/ | C82: 0.6358 | D82: 0.6358 | E82: 0.6858 | F82: 0.6858 | G82: 0.6858 | H82: 0.6858 | I82: 0.6858 | J82: 0.6858 | K82: 0.6858 | L82: 0.6858 | M82: 0.6858 | N82: 0.6858 | O82: 0.6858 | P82: 0.6858 | Q82: 0.6858 | R82: 0.6858 | S82: 0.6858 | T82: 0.6858 | U82: 0.6858 | V82: 0.6858 | W82: 0.6858 | X82: 0.6858 | Y82: 0.6858 | Z82: 0.6858 | AA82: 0.6858 | AB82: 0.6858 | AC82: 0.6858 | AD82: 0.6858 | AE82: 0.6858 | AF82: 0.6858 | AG82: 0.6858 | AH82: 0.002527
A83: EGC000:ha_Total | B83: Total | C83: 64.041725 | D83: 70.206161 | E83: 74.991257 | F83: 78.693962 | G83: 82.285538 | H83: 86.554703 | I83: 90.250504 | J83: 94.770203 | K83: 98.702957 | L83: 102.60049 | M83: 106.43101 | N83: 110.81023 | O83: 114.49186 | P83: 118.64023 | Q83: 122.80489 | R83: 127.13676 | S83: 132.08278 | T83: 136.48997 | U83: 141.22777 | V83: 146.00638 | W83: 150.93837 | X83: 155.8696 | Y83: 160.94579 | Z83: 166.23724 | AA83: 171.44369 | AB83: 177.04868 | AC83: 183.3291 | AD83: 188.85471 | AE83: 194.44498 | AF83: 199.97952 | AG83: 206.01004 | AH83: 0.039715
A85: EGC000:ia_CumulativeCap | B85: Cumulative Capacity Additions 10/ | C85: - - | D85: 6.193716 | E85: 10.978814 | F85: 14.683936 | G85: 18.275517 | H85: 22.545471 | I85: 26.244617 | J85: 30.767748 | K85: 34.704609 | L85: 38.608631 | M85: 42.441956 | N85: 46.824619 | O85: 50.509506 | P85: 54.663204 | Q85: 58.831371 | R85: 63.164593 | S85: 68.113403 | T85: 72.52285 | U85: 77.261459 | V85: 82.041016 | W85: 86.976746 | X85: 91.910332 | Y85: 96.987289 | Z85: 102.27872 | AA85: 107.48759 | AB85: 113.09364 | AC85: 119.37653 | AD85: 124.90534 | AE85: 130.49718 | AF85: 136.07678 | AG85: 142.10735 | AH85: - -
B87: 1/ Net summer capacity is the steady hourly output that generating equipment is expected to supply to
B88: system load (exclusive of auxiliary power), as demonstrated by tests during summer peak demand.
B89: 2/ Includes electricity-only and combined heat and power plants that have a regulatory status.
B90: 3/ Includes plants that only produce electricity and that have a regulatory status. Includes capacity increases (uprates) at existing units.
B91: 4/ Total coal and oil and natural gas steam capacity account for the conversion of coal capacity to gas steam capacity, but the conversions
B92: are not included explicitly as additions or retirements. No planned conversions are assumed. The totals reflect any conversions projected by
B93: the model.
B94: 5/ Includes oil-, gas-, and dual-fired capacity.
B95: 6/ Nuclear capacity includes 2.1 gigawatts of uprates.
B96: 7/ Includes conventional hydroelectric, geothermal, wood, wood waste, all municipal waste, landfill gas,
B97: other biomass, solar, and wind power. Facilities co-firing biomass and coal are classified as coal.
B98: 8/ Primarily peak-load capacity fueled by natural gas.
... B111: AEO2021 National Energy Modeling System run highogs.d120120a. Projections: EIA, AEO2021 National Energy Modeling System run highogs.d120120a.

Sheet AEO Table 9 (2022)
B1: ref2022.d011222a | C1: 2021 | D1: 2022 | E1: 2023 | F1: 2024 | G1: 2025 | H1: 2026 | I1: 2027 | J1: 2028 | K1: 2029 | L1: 2030 | M1: 2031 | N1: 2032 | O1: 2033 | P1: 2034 | Q1: 2035 | R1: 2036 | S1: 2037 | T1: 2038 | U1: 2039 | V1: 2040 | W1: 2041 | X1: 2042 | Y1: 2043 | Z1: 2044 | AA1: 2045 | AB1: 2046 | AC1: 2047 | AD1: 2048 | AE1: 2049 | AF1: 2050
C3: Report | D3: Annual Energy Outlook 2022
C4: Scenario | D4: ref2022 | G4: Reference
C5: Datekey | D5: d011222a
C6: Release Date | E6: March 2022
A10: EGC000 | B10: 9. Electricity Generating Capacity | AG10: Average
B11: (gigawatts) | AG11: Annual
AG12: Change
B13: Net Summer Capacity 1/ | C13: 2021 | D13: 2022 | E13: 2023 | F13: 2024 | G13: 2025 | H13: 2026 | I13: 2027 | J13: 2028 | K13: 2029 | L13: 2030 | M13: 2031 | N13: 2032 | O13: 2033 | P13: 2034 | Q13: 2035 | R13: 2036 | S13: 2037 | T13: 2038 | U13: 2039 | V13: 2040 | W13: 2041 | X13: 2042 | Y13: 2043 | Z13: 2044 | AA13: 2045 | AB13: 2046 | AC13: 2047 | AD13: 2048 | AE13: 2049 | AF13: 2050 | AG13: 2021–2050
B15: Electric Power Sector 2/
B16: Power Only 3/
A17: EGC000:ba_CoalSteam | B17: Coal 4/ | C17: 207.24075 | D17: 197.42744 | E17: 188.43643 | F17: 181.76033 | G17: 161.8705 | H17: 155.06448 | I17: 148.5497 | J17: 137.37901 | K17: 126.38371 | L17: 121.39871 | M17: 120.5817 | N17: 118.0657 | O17: 117.30371 | P17: 112.03371 | Q17: 110.41771 | R17: 109.4137 | S17: 108.70071 | T17: 107.63371 | U17: 107.29471 | V17: 105.5297 | W17: 105.18971 | X17: 105.18971 | Y17: 105.18971 | Z17: 105.18971 | AA17: 102.6757 | AB17: 102.6757 | AC17: 102.6757 | AD17: 102.6757 | AE17: 102.6757 | AF17: 102.6757 | AG17: -0.023927
A18: EGC000:ba_OtherFossilSt | B18: Oil and Natural Gas Steam 4, 5/ | C18: 73.775803 | D18: 71.555412 | E18: 65.464005 | F18: 58.391708 | G18: 51.759502 | H18: 49.028099 | I18: 47.423004 | J18: 46.663002 | K18: 45.223503 | L18: 44.749405 | M18: 43.767403 | N18: 43.524403 | O18: 42.782303 | P18: 42.282303 | Q18: 41.332802 | R18: 41.332802 | S18: 41.309803 | T18: 41.309803 | U18: 41.309803 | V18: 41.309803 | W18: 41.309803 | X18: 41.309803 | Y18: 41.309803 | Z18: 41.309803 | AA18: 41.309803 | AB18: 41.309803 | AC18: 41.309803 | AD18: 41.309803 | AE18: 40.114204 | AF18: 39.867203 | AG18: -0.021
A19: EGC000:ba_CombinedCycle | B19: Combined Cycle | C19: 249.76434 | D19: 257.84274 | E19: 261.35364 | F19: 269.24356 | G19: 285.38312 | H19: 292.21106 | I19: 309.8967 | J19: 315.39264 | K19: 327.08856 | L19: 330.93424 | M19: 336.01154 | N19: 343.33697 | O19: 352.80066 | P19: 360.85004 | Q19: 367.04419 | R19: 372.2489 | S19: 375.25885 | T19: 379.78058 | U19: 384.85156 | V19: 388.7984 | W19: 392.73459 | X19: 395.34992 | Y19: 399.11017 | Z19: 403.83939 | AA19: 406.58975 | AB19: 410.21265 | AC19: 412.39337 | AD19: 415.46497 | AE19: 420.57761 | AF19: 426.20584 | AG19: 0.018599
A20: EGC000:ba_CombustionTur | B20: Combustion Turbine/Diesel | C20: 141.13477 | D20: 153.97249 | E20: 167.35082 | F20: 173.5224 | G20: 181.73325 | H20: 186.14117 | I20: 188.51419 | J20: 191.74387 | K20: 197.11291 | L20: 200.5818 | M20: 203.49181 | N20: 206.7413 | O20: 211.75323 | P20: 217.94855 | Q20: 223.90875 | R20: 228.12048 | S20: 232.85129 | T20: 239.95737 | U20: 244.16162 | V20: 248.78989 | W20: 256.57529 | X20: 261.06253 | Y20: 265.93622 | Z20: 274.9299 | AA20: 280.72836 | AB20: 286.90381 | AC20: 297.02164 | AD20: 303.38998 | AE20: 315.41684 | AF20: 322.2009 | AG20: 0.028873
A21: EGC000:ba_NuclearPower | B21: Nuclear Power 6/ | C21: 95.487312 | D21: 97.014816 | E21: 97.058815 | F21: 97.109604 | G21: 96.018738 | H21: 94.931862 | I21: 92.796036 | J21: 88.057297 | K21: 87.117775 | L21: 86.035858 | M21: 86.174553 | N21: 86.270859 | O21: 81.356384 | P21: 81.444458 | Q21: 81.622803 | R21: 81.755386 | S21: 80.948837 | T21: 80.975586 | U21: 80.975586 | V21: 81.019318 | W21: 81.178253 | X21: 81.293243 | Y21: 81.40416 | Z21: 81.500076 | AA21: 81.603951 | AB21: 81.658051 | AC21: 81.712151 | AD21: 80.520836 | AE21: 80.561546 | AF21: 80.623878 | AG21: -0.005817
A22: EGC000:ba_PumpedStorage | B22: Pumped Storage | C22: 23.016205 | D22: 23.016205 | E22: 23.016205 | F22: 23.016205 | G22: 23.016205 | H22: 23.016205 | I22: 23.016205 | J22: 23.016205 | K22: 23.016205 | L22: 23.016205 | M22: 23.016205 | N22: 23.016205 | O22: 23.016205 | P22: 23.016205 | Q22: 23.016205 | R22: 23.016205 | S22: 23.016205 | T22: 23.016205 | U22: 23.016205 | V22: 23.016205 | W22: 23.016205 | X22: 23.016205 | Y22: 23.016205 | Z22: 23.016205 | AA22: 23.016205 | AB22: 23.016205 | AC22: 23.016205 | AD22: 23.016205 | AE22: 23.016205 | AF22: 23.016205 | AG22: 0
A23: EGC000:ba_DiurnalStorag | B23: Diurnal Storage | C23: 3.968 | D23: 6.498053 | E23: 8.380353 | F23: 9.047098 | G23: 10.024082 | H23: 10.644874 | I23: 11.96899 | J23: 13.916988 | K23: 14.465988 | L23: 15.030294 | M23: 15.361281 | N23: 17.037842 | O23: 17.27684 | P23: 17.549809 | Q23: 18.560488 | R23: 18.679203 | S23: 18.71306 | T23: 18.774658 | U23: 19.740902 | V23: 19.776287 | W23: 20.657169 | X23: 21.338419 | Y23: 23.182056 | Z23: 23.850954 | AA23: 24.102009 | AB23: 24.697657 | AC23: 24.893183 | AD23: 25.185205 | AE23: 27.334793 | AF23: 27.706507 | AG23: 0.06931
A24: EGC000:ba_FuelCells | B24: Fuel Cells | C24: 0.2231 | D24: 0.2527 | E24: 0.2527 | F24: 0.256018 | G24: 0.257297 | H24: 0.257297 | I24: 0.257297 | J24: 0.257297 | K24: 0.257297 | L24: 0.257297 | M24: 0.256197 | N24: 0.256197 | O24: 0.256197 | P24: 0.256197 | Q24: 0.256197 | R24: 0.256197 | S24: 0.256197 | T24: 0.256197 | U24: 0.257226 | V24: 0.257226 | W24: 0.257226 | X24: 0.257226 | Y24: 0.257226 | Z24: 0.257226 | AA24: 0.257226 | AB24: 0.257226 | AC24: 0.257226 | AD24: 0.257226 | AE24: 0.257226 | AF24: 0.257226 | AG24: 0.00492
A25: EGC000:ba_RenewableSour | B25: Renewable Sources 7/ | C25: 285.27878 | D25: 310.07849 | E25: 341.91708 | F25: 384.02704 | G25: 410.54358 | H25: 421.49701 | I25: 429.37045 | J25: 445.12219 | K25: 472.45886 | L25: 488.39648 | M25: 497.93793 | N25: 507.33954 | O25: 525.96057 | P25: 546.9436 | Q25: 566.74262 | R25: 582.04456 | S25: 592.39075 | T25: 599.75232 | U25: 609.26215 | V25: 617.37585 | W25: 623.42828 | X25: 631.98657 | Y25: 643.37988 | Z25: 649.71448 | AA25: 659.21509 | AB25: 668.80157 | AC25: 680.36401 | AD25: 695.68073 | AE25: 708.5423 | AF25: 719.69946 | AG25: 0.032424
A26: EGC000:ba_DistributedGe | B26: Distributed Generation (Natural Gas) 8/ | C26: 0 | D26: 0 | E26: 1.099837 | F26: 1.305225 | G26: 1.56447 | H26: 1.988867 | I26: 2.42203 | J26: 2.890049 | K26: 3.403985 | L26: 3.949314 | M26: 4.56628 | N26: 5.20453 | O26: 5.872066 | P26: 6.646765 | Q26: 7.649816 | R26: 8.73808 | S26: 9.882068 | T26: 11.101279 | U26: 12.297058 | V26: 13.513679 | W26: 14.793908 | X26: 16.129087 | Y26: 17.452337 | Z26: 18.881123 | AA26: 20.31765 | AB26: 21.636856 | AC26: 22.978241 | AD26: 24.258875 | AE26: 25.570881 | AF26: 27.046391 | AG26: --
A27: EGC000:ba_Total | B27: Total | C27: 1079.889 | D27: 1117.6583 | E27: 1154.33 | F27: 1197.6792 | G27: 1222.1707 | H27: 1234.781 | I27: 1254.2146 | J27: 1264.4386 | K27: 1296.5288 | L27: 1314.3496 | M27: 1331.1649 | N27: 1350.7937 | O27: 1378.3782 | P27: 1408.9716 | Q27: 1440.5516 | R27: 1465.6055 | S27: 1483.3278 | T27: 1502.5579 | U27: 1523.1669 | V27: 1539.3864 | W27: 1559.1406 | X27: 1576.9326 | Y27: 1600.2378 | Z27: 1622.4888 | AA27: 1639.8157 | AB27: 1661.1694 | AC27: 1686.6216 | AD27: 1711.7595 | AE27: 1744.0674 | AF27: 1769.2994 | AG27: 0.017171
B28: Combined Heat and Power 9/
A29: EGC000:ca_CoalSteam | B29: Coal | C29: 1.6835 | D29: 1.6835 | E29: 1.6835 | F29: 1.4395 | G29: 1.4395 | H29: 1.4395 | I29: 1.4395 | J29: 1.4395 | K29: 1.4395 | L29: 1.4395 | M29: 1.4395 | N29: 1.4395 | O29: 1.4395 | P29: 1.4395 | Q29: 1.4395 | R29: 1.4395 | S29: 1.4395 | T29: 1.4395 | U29: 1.4395 | V29: 1.4395 | W29: 1.4395 | X29: 1.4395 | Y29: 1.4395 | Z29: 1.4395 | AA29: 1.4395 | AB29: 1.4395 | AC29: 1.4395 | AD29: 1.4395 | AE29: 1.4395 | AF29: 1.4395 | AG29: -0.005385
A30: EGC000:ca_OtherFossilSt | B30: Oil and Natural Gas Steam 5/ | C30: 0.5718 | D30: 0.5718 | E30: 0.5718 | F30: 0.5718 | G30: 0.5718 | H30: 0.5718 | I30: 0.5718 | J30: 0.5718 | K30: 0.5718 | L30: 0.5718 | M30: 0.5718 | N30: 0.5718 | O30: 0.5718 | P30: 0.5718 | Q30: 0.5718 | R30: 0.5718 | S30: 0.5718 | T30: 0.5718 | U30: 0.5718 | V30: 0.5718 | W30: 0.5718 | X30: 0.5718 | Y30: 0.5718 | Z30: 0.5718 | AA30: 0.5718 | AB30: 0.5718 | AC30: 0.5718 | AD30: 0.5718 | AE30: 0.5718 | AF30: 0.5718 | AG30: 0
A31: EGC000:ca_CombinedCycle | B31: Combined Cycle | C31: 21.351204 | D31: 21.351204 | E31: 21.172604 | F31: 21.172604 | G31: 21.172604 | H31: 21.172604 | I31: 21.172604 | J31: 21.172604 | K31: 21.172604 | L31: 21.172604 | M31: 21.172604 | N31: 21.172604 | O31: 21.172604 | P31: 21.172604 | Q31: 21.172604 | R31: 21.172604 | S31: 21.172604 | T31: 21.172604 | U31: 21.172604 | V31: 21.172604 | W31: 21.172604 | X31: 21.172604 | Y31: 21.172604 | Z31: 21.172604 | AA31: 21.172604 | AB31: 21.172604 | AC31: 21.172604 | AD31: 21.172604 | AE31: 21.172604 | AF31: 21.172604 | AG31: -0.00029
A32: EGC000:ca_CombustionTur | B32: Combustion Turbine/Diesel | C32: 2.8766 | D32: 2.8766 | E32: 2.8766 | F32: 2.8766 | G32: 2.8766 | H32: 2.8766 | I32: 2.8766 | J32: 2.8766 | K32: 2.8766 | L32: 2.8766 | M32: 2.8766 | N32: 2.8766 | O32: 2.8766 | P32: 2.8766 | Q32: 2.8766 | R32: 2.8766 | S32: 2.8766 | T32: 2.8766 | U32: 2.8766 | V32: 2.8766 | W32: 2.8766 | X32: 2.8766 | Y32: 2.8766 | Z32: 2.8766 | AA32: 2.8766 | AB32: 2.8766 | AC32: 2.8766 | AD32: 2.8766 | AE32: 2.8766 | AF32: 2.8766 | AG32: 0
A33: EGC000:ca_RenewableSour | B33: Renewable Sources 7/ | C33: 0.9753 | D33: 0.9753 | E33: 0.9753 | F33: 0.9753 | G33: 0.9753 | H33: 0.9753 | I33: 0.9753 | J33: 0.9753 | K33: 0.9753 | L33: 0.9753 | M33: 0.9753 | N33: 0.9753 | O33: 0.9753 | P33: 0.9753 | Q33: 0.9753 | R33: 0.9753 | S33: 0.9753 | T33: 0.9753 | U33: 0.9753 | V33: 0.9753 | W33: 0.9753 | X33: 0.9753 | Y33: 0.9753 | Z33: 0.9753 | AA33: 0.9753 | AB33: 0.9753 | AC33: 0.9753 | AD33: 0.9753 | AE33: 0.9753 | AF33: 0.9753 | AG33: 0
A34: EGC000:ca_Total | B34: Total | C34: 27.458405 | D34: 27.458405 | E34: 27.279804 | F34: 27.035803 | G34: 27.035803 | H34: 27.035803 | I34: 27.035803 | J34: 27.035803 | K34: 27.035803 | L34: 27.035803 | M34: 27.035803 | N34: 27.035803 | O34: 27.035803 | P34: 27.035803 | Q34: 27.035803 | R34: 27.035803 | S34: 27.035803 | T34: 27.035803 | U34: 27.035803 | V34: 27.035803 | W34: 27.035803 | X34: 27.035803 | Y34: 27.035803 | Z34: 27.035803 | AA34: 27.035803 | AB34: 27.035803 | AC34: 27.035803 | AD34: 27.035803 | AE34: 27.035803 | AF34: 27.035803 | AG34: -0.000535
B36: Cumulative Planned Additions 10/
A37: EGC000:da_CoalSteam | B37: Coal | C37: -- | D37: 0 | E37: 0 | F37: 0 | G37: 0 | H37: 0 | I37: 0 | J37: 0 | K37: 0 | L37: 0 | M37: 0 | N37: 0 | O37: 0 | P37: 0 | Q37: 0 | R37: 0 | S37: 0 | T37: 0 | U37: 0 | V37: 0 | W37: 0 | X37: 0 | Y37: 0 | Z37: 0 | AA37: 0 | AB37: 0 | AC37: 0 | AD37: 0 | AE37: 0 | AF37: 0 | AG37: --
A38: EGC000:da_OtherFossilSt | B38: Oil and Natural Gas Steam 5/ | C38: -- | D38: 0 | E38: 0.335 | F38: 0.335 | G38: 0.335 | H38: 0.335 | I38: 0.335 | J38: 0.335 | K38: 0.335 | L38: 0.335 | M38: 0.335 | N38: 0.335 | O38: 0.335 | P38: 0.335 | Q38: 0.335 | R38: 0.335 | S38: 0.335 | T38: 0.335 | U38: 0.335 | V38: 0.335 | W38: 0.335 | X38: 0.335 | Y38: 0.335 | Z38: 0.335 | AA38: 0.335 | AB38: 0.335 | AC38: 0.335 | AD38: 0.335 | AE38: 0.335 | AF38: 0.335 | AG38: --
A39: EGC000:da_CombinedCycle | B39: Combined Cycle | C39: -- | D39: 8.0784 | E39: 12.3492 | F39: 12.895201 | G39: 12.895201 | H39: 12.895201 | I39: 12.895201 | J39: 12.895201 | K39: 12.895201 | L39: 12.895201 | M39: 12.895201 | N39: 12.895201 | O39: 12.895201 | P39: 12.895201 | Q39: 12.895201 | R39: 12.895201 | S39: 12.895201 | T39: 12.895201 | U39: 12.895201 | V39: 12.895201 | W39: 12.895201 | X39: 12.895201 | Y39: 12.895201 | Z39: 12.895201 | AA39: 12.895201 | AB39: 12.895201 | AC39: 12.895201 | AD39: 12.895201 | AE39: 12.895201 | AF39: 12.895201 | AG39: --
A40: EGC000:da_CombustionTur | B40: Combustion Turbine/Diesel | C40: -- | D40: 1.8994 | E40: 3.405001 | F40: 3.922 | G40: 3.922 | H40: 3.922 | I40: 3.922 | J40: 3.922 | K40: 3.922 | L40: 3.922 | M40: 3.922 | N40: 3.922 | O40: 3.922 | P40: 3.922 | Q40: 3.922 | R40: 3.922 | S40: 3.922 | T40: 3.922 | U40: 3.922 | V40: 3.922 | W40: 3.922 | X40: 3.922 | Y40: 3.922 | Z40: 3.922 | AA40: 3.922 | AB40: 3.922 | AC40: 3.922 | AD40: 3.922 | AE40: 3.922 | AF40: 3.922 | AG40: --
A41: EGC000:da_NuclearPower | B41: Nuclear Power | C41: -- | D41: 2.228 | E41: 2.228 | F41: 2.228 | G41: 2.228 | H41: 2.228 | I41: 2.228 | J41: 2.228 | K41: 2.228 | L41: 2.228 | M41: 2.228 | N41: 2.228 | O41: 2.228 | P41: 2.228 | Q41: 2.228 | R41: 2.228 | S41: 2.228 | T41: 2.228 | U41: 2.228 | V41: 2.228 | W41: 2.228 | X41: 2.228 | Y41: 2.228 | Z41: 2.228 | AA41: 2.228 | AB41: 2.228 | AC41: 2.228 | AD41: 2.228 | AE41: 2.228 | AF41: 2.228 | AG41: --
A42: EGC000:da_PumpedStorage | B42: Pumped Storage | C42: -- | D42: 0 | E42: 0 | F42: 0 | G42: 0 | H42: 0 | I42: 0 | J42: 0 | K42: 0 | L42: 0 | M42: 0 | N42: 0 | O42: 0 | P42: 0 | Q42: 0 | R42: 0 | S42: 0 | T42: 0 | U42: 0 | V42: 0 | W42: 0 | X42: 0 | Y42: 0 | Z42: 0 | AA42: 0 | AB42: 0 | AC42: 0 | AD42: 0 | AE42: 0 | AF42: 0 | AG42: --
A43: EGC000:da_DiurnalStorag | B43: Diurnal Storage | C43: -- | D43: 1.7702 | E43: 3.6525 | F43: 4.2985 | G43: 4.8795 | H43: 5.4285 | I43: 5.9775 | J43: 6.5265 | K43: 7.0755 | L43: 7.6245 | M43: 7.8635 | N43: 8.1025 | O43: 8.3415 | P43: 8.5805 | Q43: 8.8195 | R43: 8.8195 | S43: 8.8195 | T43: 8.8195 | U43: 8.8195 | V43: 8.8195 | W43: 8.8195 | X43: 8.8195 | Y43: 8.8195 | Z43: 8.8195 | AA43: 8.8195 | AB43: 8.8195 | AC43: 8.8195 | AD43: 8.8195 | AE43: 8.8195 | AF43: 8.8195 | AG43: --
A44: EGC000:da_FuelCells | B44: Fuel Cells | C44: -- | D44: 0.0296 | E44: 0.0296 | F44: 0.0296 | G44: 0.0296 | H44: 0.0296 | I44: 0.0296 | J44: 0.0296 | K44: 0.0296 | L44: 0.0296 | M44: 0.0296 | N44: 0.0296 | O44: 0.0296 | P44: 0.0296 | Q44: 0.0296 | R44: 0.0296 | S44: 0.0296 | T44: 0.0296 | U44: 0.0296 | V44: 0.0296 | W44: 0.0296 | X44: 0.0296 | Y44: 0.0296 | Z44: 0.0296 | AA44: 0.0296 | AB44: 0.0296 | AC44: 0.0296 | AD44: 0.0296 | AE44: 0.0296 | AF44: 0.0296 | AG44: --
A45: EGC000:da_RenewableSour | B45: Renewable Sources 7/ | C45: -- | D45: 24.81179 | E45: 40.9991 | F45: 41.059105 | G45: 42.559105 | H45: 44.059105 | I45: 44.059105 | J45: 46.059105 | K45: 46.059105 | L45: 53.159107 | M45: 53.159107 | N45: 53.159107 | O45: 53.159107 | P45: 58.359108 | Q45: 66.559105 | R45: 66.559105 | S45: 66.559105 | T45: 66.559105 | U45: 66.559105 | V45: 66.559105 | W45: 66.559105 | X45: 66.559105 | Y45: 66.559105 | Z45: 66.559105 | AA45: 66.559105 | AB45: 66.559105 | AC45: 66.559105 | AD45: 66.559105 | AE45: 66.559105 | AF45: 66.559105 | AG45: --
A46: EGC000:da_DistributedGe | B46: Distributed Generation 8/ | C46: -- | D46: 0 | E46: 0 | F46: 0 | G46: 0 | H46: 0 | I46: 0 | J46: 0 | K46: 0 | L46: 0 | M46: 0 | N46: 0 | O46: 0 | P46: 0 | Q46: 0 | R46: 0 | S46: 0 | T46: 0 | U46: 0 | V46: 0 | W46: 0 | X46: 0 | Y46: 0 | Z46: 0 | AA46: 0 | AB46: 0 | AC46: 0 | AD46: 0 | AE46: 0 | AF46: 0 | AG46: --
A47: EGC000:da_Total | B47: Total | C47: -- | D47: 38.81739 | E47: 62.998398 | F47: 64.767395 | G47: 66.848404 | H47: 68.8974 | I47: 69.446396 | J47: 71.995399 | K47: 72.544395 | L47: 80.193398 | M47: 80.432396 | N47: 80.671402 | O47: 80.9104 | P47: 86.349411 | Q47: 94.788406 | R47: 94.788406 | S47: 94.788406 | T47: 94.788406 | U47: 94.788406 | V47: 94.788406 | W47: 94.788406 | X47: 94.788406 | Y47: 94.788406 | Z47: 94.788406 | AA47: 94.788406 | AB47: 94.788406 | AC47: 94.788406 | AD47: 94.788406 | AE47: 94.788406 | AF47: 94.788406 | AG47: --
B48: Cumulative Unplanned Additions 10/
A49: EGC000:ea_CoalSteam | B49: Coal | C49: -- | D49: 0 | E49: 0 | F49: 0 | G49: 0 | H49: 0 | I49: 0 | J49: 0 | K49: 0 | L49: 0 | M49: 0 | N49: 0 | O49: 0 | P49: 0 | Q49: 0 | R49: 0 | S49: 0 | T49: 0 | U49: 0 | V49: 0 | W49: 0 | X49: 0 | Y49: 0 | Z49: 0 | AA49: 0 | AB49: 0 | AC49: 0 | AD49: 0 | AE49: 0 | AF49: 0 | AG49: --
A50: EGC000:ea_OtherFossilSt | B50: Oil and Natural Gas Steam 5/ | C50: -- | D50: 0 | E50: 0 | F50: 0 | G50: 0 | H50: 0 | I50: 0 | J50: 0 | K50: 0 | L50: 0 | M50: 0 | N50: 0 | O50: 0 | P50: 0 | Q50: 0 | R50: 0 | S50: 0 | T50: 0 | U50: 0 | V50: 0 | W50: 0 | X50: 0 | Y50: 0 | Z50: 0 | AA50: 0 | AB50: 0 | AC50: 0 | AD50: 0 | AE50: 0 | AF50: 0 | AG50: --
A51: EGC000:ea_CombinedCycle | B51: Combined Cycle | C51: -- | D51: 0 | E51: 0 | F51: 9.98302 | G51: 26.425787 | H51: 33.52076 | I51: 51.705803 | J51: 57.201748 | K51: 68.897667 | L51: 72.866035 | M51: 77.978722 | N51: 85.862587 | O51: 95.474014 | P51: 103.5714 | Q51: 110.66756 | R51: 116.5362 | S51: 120.81718 | T51: 125.34193 | U51: 130.41292 | V51: 135.00073 | W51: 138.93692 | X51: 142.06337 | Y51: 145.82364 | Z51: 151.23791 | AA51: 153.98824 | AB51: 157.61113 | AC51: 159.84847 | AD51: 162.95264 | AE51: 168.25829 | AF51: 174.03752 | AG51: --
A52: EGC000:ea_CombustionTur | B52: Combustion Turbine/Diesel | C52: -- | D52: 11.739637 | E52: 24.156769 | F52: 29.890549 | G52: 38.180405 | H52: 43.109924 | I52: 46.118538 | J52: 49.364006 | K52: 54.762859 | L52: 58.310444 | M52: 61.368938 | N52: 65.440025 | O52: 70.522949 | P52: 76.718292 | Q52: 82.718506 | R52: 87.666183 | S52: 92.39698 | T52: 99.503105 | U52: 103.70737 | V52: 108.33562 | W52: 116.33002 | X52: 120.86603 | Y52: 125.76287 | Z52: 134.75656 | AA52: 140.68193 | AB52: 146.85738 | AC52: 156.97527 | AD52: 163.43655 | AE52: 175.46336 | AF52: 182.24745 | AG52: --
A53: EGC000:ea_NuclearPower | B53: Nuclear Power | C53: -- | D53: 0 | E53: 0 | F53: 0 | G53: 0 | H53: 0 | I53: 0 | J53: 0 | K53: 0 | L53: 0 | M53: 0 | N53: 0 | O53: 0 | P53: 0 | Q53: 0 | R53: 0 | S53: 0 | T53: 0 | U53: 0 | V53: 0 | W53: 0 | X53: 0 | Y53: 0 | Z53: 0 | AA53: 0 | AB53: 0 | AC53: 0 | AD53: 0 | AE53: 0 | AF53: 0 | AG53: --
A54: EGC000:ea_PumpedStorage | B54: Pumped Storage | C54: -- | D54: 0 | E54: 0 | F54: 0 | G54: 0 | H54: 0 | I54: 0 | J54: 0 | K54: 0 | L54: 0 | M54: 0 | N54: 0 | O54: 0 | P54: 0 | Q54: 0 | R54: 0 | S54: 0 | T54: 0 | U54: 0 | V54: 0 | W54: 0 | X54: 0 | Y54: 0 | Z54: 0 | AA54: 0 | AB54: 0 | AC54: 0 | AD54: 0 | AE54: 0 | AF54: 0 | AG54: --
A55: EGC000:ea_DiurnalStorag | B55: Diurnal Storage | C55: -- | D55: 0.759853 | E55: 0.759853 | F55: 0.781597 | G55: 1.177582 | H55: 1.249373 | I55: 2.024489 | J55: 3.42349 | K55: 3.42349 | L55: 3.438795 | M55: 3.530782 | N55: 4.968342 | O55: 4.968342 | P55: 5.002311 | Q55: 5.773988 | R55: 5.892704 | S55: 5.928562 | T55: 5.990159 | U55: 6.956403 | V55: 6.991787 | W55: 7.872671 | X55: 8.553921 | Y55: 10.397557 | Z55: 11.066453 | AA55: 11.317508 | AB55: 11.913157 | AC55: 12.108684 | AD55: 12.400705 | AE55: 14.550294 | AF55: 14.922007 | AG55: --
A56: EGC000:ea_FuelCells | B56: Fuel Cells | C56: -- | D56: 0 | E56: 0 | F56: 0.003318 | G56: 0.004597 | H56: 0.004597 | I56: 0.004597 | J56: 0.004597 | K56: 0.004597 | L56: 0.004597 | M56: 0.004597 | N56: 0.004597 | O56: 0.004597 | P56: 0.004597 | Q56: 0.004597 | R56: 0.004597 | S56: 0.004597 | T56: 0.004597 | U56: 0.005626 | V56: 0.005626 | W56: 0.005626 | X56: 0.005626 | Y56: 0.005626 | Z56: 0.005626 | AA56: 0.005626 | AB56: 0.005626 | AC56: 0.005626 | AD56: 0.005626 | AE56: 0.005626 | AF56: 0.005626 | AG56: --
A57: EGC000:ea_RenewableSour | B57: Renewable Sources 7/ | C57: -- | D57: 0 | E57: 15.672661 | F57: 57.742397 | G57: 82.841858 | H57: 92.346848 | I57: 100.28321 | J57: 114.32227 | K57: 141.79837 | L57: 150.65399 | M57: 160.20671 | N57: 169.60832 | O57: 188.2724 | P57: 204.09364 | Q57: 215.69276 | R57: 230.99463 | S57: 241.34085 | T57: 248.70244 | U57: 258.21228 | V57: 266.32596 | W57: 272.37833 | X57: 280.93665 | Y57: 292.33002 | Z57: 298.75595 | AA57: 308.30646 | AB57: 317.89563 | AC57: 329.46112 | AD57: 344.77777 | AE57: 357.65439 | AF57: 368.81366 | AG57: --
A58: EGC000:ea_DistributedGe | B58: Distributed Generation 8/ | C58: -- | D58: 0 | E58: 1.099837 | F58: 1.305225 | G58: 1.56447 | H58: 1.988867 | I58: 2.42203 | J58: 2.890049 | K58: 3.403985 | L58: 3.949314 | M58: 4.56628 | N58: 5.20453 | O58: 5.872066 | P58: 6.646765 | Q58: 7.649816 | R58: 8.73808 | S58: 9.882068 | T58: 11.101279 | U58: 12.297058 | V58: 13.513679 | W58: 14.793908 | X58: 16.129087 | Y58: 17.452337 | Z58: 18.881123 | AA58: 20.31765 | AB58: 21.636856 | AC58: 22.978241 | AD58: 24.258875 | AE58: 25.570881 | AF58: 27.046391 | AG58: --
A59: EGC000:ea_Total | B59: Total | C59: -- | D59: 12.49949 | E59: 41.689114 | F59: 99.706085 | G59: 150.19473 | H59: 172.22029 | I59: 202.55862 | J59: 227.20607 | K59: 272.29092 | L59: 289.22321 | M59: 307.65591 | N59: 331.08829 | O59: 365.11435 | P59: 396.03711 | Q59: 422.50723 | R59: 449.83246 | S59: 470.37039 | T59: 490.64362 | U59: 511.59183 | V59: 530.17358 | W59: 550.31757 | X59: 568.5545 | Y59: 591.77203 | Z59: 614.70349 | AA59: 634.61749 | AB59: 655.91998 | AC59: 681.37744 | AD59: 707.83227 | AE59: 741.50262 | AF59: 767.07281 | AG59: --
A60: EGC000:ea_CumulativeEle | B60: Cumulative Electric Power Sector Additions 10 | C60: -- | D60: 51.316879 | E60: 104.68752 | F60: 164.47348 | G60: 217.04314 | H60: 241.11769 | I60: 272.005 | J60: 299.20148 | K60: 344.83533 | L60: 369.41659 | M60: 388.08832 | N60: 411.7597 | O60: 446.02475 | P60: 482.38654 | Q60: 517.29565 | R60: 544.62085 | S60: 565.15881 | T60: 585.43201 | U60: 606.38025 | V60: 624.96198 | W60: 645.10596 | X60: 663.3429 | Y60: 686.56043 | Z60: 709.49188 | AA60: 729.40588 | AB60: 750.70837 | AC60: 776.16583 | AD60: 802.62067 | AE60: 836.29102 | AF60: 861.86121 | AG60: --
B62: Cumulative Retirements 11/
A63: EGC000:fa_CoalSteam | B63: Coal | C63: -- | D63: 9.813299 | E63: 18.804302 | F63: 25.7244 | G63: 45.614189 | H63: 52.420197 | I63: 58.934998 | J63: 70.105698 | K63: 81.101013 | L63: 86.086006 | M63: 86.903015 | N63: 89.419014 | O63: 90.181015 | P63: 95.451012 | Q63: 97.067009 | R63: 98.071007 | S63: 98.784004 | T63: 99.851006 | U63: 100.19001 | V63: 101.95501 | W63: 102.29501 | X63: 102.29501 | Y63: 102.29501 | Z63: 102.29501 | AA63: 104.80901 | AB63: 104.80901 | AC63: 104.80901 | AD63: 104.80901 | AE63: 104.80901 | AF63: 104.80901 | AG63: --
A64: EGC000:fa_OtherFossilSt | B64: Oil and Natural Gas Steam 5/ | C64: -- | D64: 2.2204 | E64: 8.646801 | F64: 15.719104 | G64: 22.351303 | H64: 25.082701 | I64: 26.687801 | J64: 27.447802 | K64: 28.8873 | L64: 29.361399 | M64: 30.343397 | N64: 30.586397 | O64: 31.328495 | P64: 31.828495 | Q64: 32.778 | R64: 32.778 | S64: 32.800999 | T64: 32.800999 | U64: 32.800999 | V64: 32.800999 | W64: 32.800999 | X64: 32.800999 | Y64: 32.800999 | Z64: 32.800999 | AA64: 32.800999 | AB64: 32.800999 | AC64: 32.800999 | AD64: 32.800999 | AE64: 33.996593 | AF64: 34.243595 | AG64: --
A65: EGC000:fa_CombinedCycle | B65: Combined Cycle | C65: -- | D65: 0 | E65: 0.9385 | F65: 3.5776 | G65: 3.880801 | H65: 4.147801 | I65: 4.647202 | J65: 4.647202 | K65: 4.647202 | L65: 4.769901 | M65: 4.805301 | N65: 5.363701 | O65: 5.511501 | P65: 5.559501 | Q65: 6.4615 | R65: 7.1255 | S65: 8.396502 | T65: 8.399502 | U65: 8.399502 | V65: 9.040503 | W65: 9.040503 | X65: 9.551602 | Y65: 9.551602 | Z65: 10.236703 | AA65: 10.236703 | AB65: 10.236703 | AC65: 10.293303 | AD65: 10.325803 | AE65: 10.518803 | AF65: 10.669803 | AG65: --
A66: EGC000:fa_CombustionTur | B66: Combustion Turbine/Diesel | C66: -- | D66: 0.8013 | E66: 1.3457 | F66: 1.4249 | G66: 1.5039 | H66: 2.0255 | I66: 2.6611 | J66: 2.6769 | K66: 2.7067 | L66: 2.7854 | M66: 2.9339 | N66: 3.755501 | O66: 3.826501 | P66: 3.826501 | Q66: 3.866501 | R66: 4.6025 | S66: 4.6025 | T66: 4.6025 | U66: 4.6025 | V66: 4.6025 | W66: 4.811501 | X66: 4.860301 | Y66: 4.8834 | Z66: 4.8834 | AA66: 5.0103 | AB66: 5.0103 | AC66: 5.0103 | AD66: 5.1033 | AE66: 5.1033 | AF66: 5.1033 | AG66: --
A67: EGC000:fa_NuclearPower | B67: Nuclear Power | C67: -- | D67: 0.7685 | E67: 0.7685 | F67: 0.7685 | G67: 1.8905 | H67: 3.0085 | I67: 5.1795 | J67: 9.953401 | K67: 10.937901 | L67: 12.105902 | M67: 12.105902 | N67: 12.105902 | O67: 17.112902 | P67: 17.112902 | Q67: 17.112902 | R67: 17.112902 | S67: 17.946201 | T67: 17.946201 | U67: 17.946201 | V67: 17.946201 | W67: 17.946201 | X67: 17.946201 | Y67: 17.946201 | Z67: 17.946201 | AA67: 17.946201 | AB67: 17.946201 | AC67: 17.946201 | AD67: 19.171202 | AE67: 19.171202 | AF67: 19.171202 | AG67: --
A68: EGC000:fa_PumpedStorage | B68: Pumped Storage | C68: -- | D68: 0 | E68: 0 | F68: 0 | G68: 0 | H68: 0 | I68: 0 | J68: 0 | K68: 0 | L68: 0 | M68: 0 | N68: 0 | O68: 0 | P68: 0 | Q68: 0 | R68: 0 | S68: 0 | T68: 0 | U68: 0 | V68: 0 | W68: 0 | X68: 0 | Y68: 0 | Z68: 0 | AA68: 0 | AB68: 0 | AC68: 0 | AD68: 0 | AE68: 0 | AF68: 0 | AG68: --
A69: EGC000:fa_DiurnalStorag | B69: Diurnal Storage | C69: -- | D69: 0 | E69: 0 | F69: 0.001 | G69: 0.001 | H69: 0.001 | I69: 0.001 | J69: 0.001 | K69: 0.001 | L69: 0.001 | M69: 0.001 | N69: 0.001 | O69: 0.001 | P69: 0.001 | Q69: 0.001 | R69: 0.001 | S69: 0.003 | T69: 0.003 | U69: 0.003 | V69: 0.003 | W69: 0.003 | X69: 0.003 | Y69: 0.003 | Z69: 0.003 | AA69: 0.003 | AB69: 0.003 | AC69: 0.003 | AD69: 0.003 | AE69: 0.003 | AF69: 0.003 | AG69: --
A70: EGC000:fa_FuelCells | B70: Fuel Cells | C70: -- | D70: 0 | E70: 0 | F70: 0 | G70: 0 | H70: 0 | I70: 0 | J70: 0 | K70: 0 | L70: 0 | M70: 0.0011 | N70: 0.0011 | O70: 0.0011 | P70: 0.0011 | Q70: 0.0011 | R70: 0.0011 | S70: 0.0011 | T70: 0.0011 | U70: 0.0011 | V70: 0.0011 | W70: 0.0011 | X70: 0.0011 | Y70: 0.0011 | Z70: 0.0011 | AA70: 0.0011 | AB70: 0.0011 | AC70: 0.0011 | AD70: 0.0011 | AE70: 0.0011 | AF70: 0.0011 | AG70: --
A71: EGC000:fa_RenewableSour | B71: Renewable Sources 7/ | C71: -- | D71: 0.0121 | E71: 0.0335 | F71: 0.0533 | G71: 0.1362 | H71: 0.1878 | I71: 0.2507 | J71: 0.538 | K71: 0.6775 | L71: 0.6955 | M71: 0.7067 | N71: 0.7067 | O71: 0.7497 | P71: 0.788 | Q71: 0.788 | R71: 0.788 | S71: 0.788 | T71: 0.788 | U71: 0.788 | V71: 0.788 | W71: 0.788 | X71: 0.788 | Y71: 0.788 | Z71: 0.8794 | AA71: 0.9294 | AB71: 0.932 | AC71: 0.935 | AD71: 0.935 | AE71: 0.95 | AF71: 0.952 | AG71: --
A72: EGC000:fa_Total | B72: Total | C72: -- | D72: 13.615594 | E72: 30.5373 | F72: 47.268791 | G72: 75.377884 | H72: 86.873512 | I72: 98.362305 | J72: 115.37002 | K72: 128.95862 | L72: 135.80508 | M72: 137.80031 | N72: 141.9393 | O72: 148.71222 | P72: 154.56851 | Q72: 158.07602 | R72: 160.48003 | S72: 163.32234 | T72: 164.39235 | U72: 164.73134 | V72: 167.13731 | W72: 167.68633 | X72: 168.24625 | Y72: 168.26935 | Z72: 169.04585 | AA72: 171.73675 | AB72: 171.73935 | AC72: 171.79895 | AD72: 173.14946 | AE72: 174.55306 | AF72: 174.95305 | AG72: --
A74: EGC000:ga_TotalElectric | B74: Total Electric Power Sector Capacity | C74: 1107.3474 | D74: 1145.1167 | E74: 1181.6097 | F74: 1224.715 | G74: 1249.2064 | H74: 1261.8168 | I74: 1281.2504 | J74: 1291.4744 | K74: 1323.5646 | L74: 1341.3854 | M74: 1358.2007 | N74: 1377.8295 | O74: 1405.4139 | P74: 1436.0073 | Q74: 1467.5874 | R74: 1492.6412 | S74: 1510.3635 | T74: 1529.5936 | U74: 1550.2026 | V74: 1566.4221 | W74: 1586.1764 | X74: 1603.9684 | Y74: 1627.2736 | Z74: 1649.5245 | AA74: 1666.8514 | AB74: 1688.2052 | AC74: 1713.6573 | AD74: 1738.7953 | AE74: 1771.1031 | AF74: 1796.3352 | AG74: 0.016822
B76: End-Use Generators 12/
A77: EGC000:ha_Coal | B77: Coal | C77: 1.73775 | D77: 1.737537 | E77: 1.73277 | F77: 1.724364 | G77: 1.707982 | H77: 1.700002 | I77: 1.689304 | J77: 1.679457 | K77: 1.669703 | L77: 1.659034 | M77: 1.649127 | N77: 1.63913 | O77: 1.628778 | P77: 1.61868 | Q77: 1.608769 | R77: 1.599219 | S77: 1.590188 | T77: 1.581291 | U77: 1.572273 | V77: 1.562812 | W77: 1.554568 | X77: 1.546668 | Y77: 1.538438 | Z77: 1.529532 | AA77: 1.520758 | AB77: 1.512582 | AC77: 1.504062 | AD77: 1.495206 | AE77: 1.486966 | AF77: 1.47945 | AG77: -0.005534
A78: EGC000:ha_Petroleum | B78: Petroleum | C78: 0.537634 | D78: 0.538032 | E78: 0.538185 | F78: 0.538242 | G78: 0.537889 | H78: 0.537848 | I78: 0.537734 | J78: 0.537678 | K78: 0.537624 | L78: 0.53752 | M78: 0.537452 | N78: 0.537351 | O78: 0.53723 | P78: 0.537106 | Q78: 0.536993 | R78: 0.536895 | S78: 0.536827 | T78: 0.536767 | U78: 0.536719 | V78: 0.536632 | W78: 0.536626 | X78: 0.536641 | Y78: 0.536641 | Z78: 0.536592 | AA78: 0.53656 | AB78: 0.536581 | AC78: 0.536583 | AD78: 0.536572 | AE78: 0.5366 | AF78: 0.536692 | AG78: -6e-05
A79: EGC000:ha_NaturalGas | B79: Natural Gas | C79: 18.68079 | D79: 19.008984 | E79: 19.291319 | F79: 19.525787 | G79: 19.713207 | H79: 19.957027 | I79: 20.184381 | J79: 20.416424 | K79: 20.651636 | L79: 20.882572 | M79: 21.099409 | N79: 21.317038 | O79: 21.537376 | P79: 21.760899 | Q79: 21.984488 | R79: 22.214581 | S79: 22.455 | T79: 22.703516 | U79: 22.960012 | V79: 23.21619 | W79: 23.490112 | X79: 23.778576 | Y79: 24.072699 | Z79: 24.359707 | AA79: 24.659378 | AB79: 24.973803 | AC79: 25.29031 | AD79: 25.612587 | AE79: 25.949003 | AF79: 26.31624 | AG79: 0.011887
A80: EGC000:ha_OtherGaseousF | B80: Other Gaseous Fuels 13/ | C80: 2.6622 | D80: 2.6622 | E80: 2.6856 | F80: 2.7057 | G80: 2.7057 | H80: 2.7057 | I80: 2.7057 | J80: 2.7057 | K80: 2.7057 | L80: 2.7057 | M80: 2.7057 | N80: 2.7057 | O80: 2.7057 | P80: 2.7057 | Q80: 2.7057 | R80: 2.7057 | S80: 2.7057 | T80: 2.7057 | U80: 2.7057 | V80: 2.7057 | W80: 2.7057 | X80: 2.7057 | Y80: 2.7057 | Z80: 2.7057 | AA80: 2.7057 | AB80: 2.7057 | AC80: 2.7057 | AD80: 2.7057 | AE80: 2.7057 | AF80: 2.7057 | AG80: 0.000559
A81: EGC000:ha_RenewableSour | B81: Renewable Sources 7/ | C81: 47.05381 | D81: 51.981682 | E81: 56.953476 | F81: 61.290421 | G81: 64.763428 | H81: 68.542656 | I81: 72.065086 | J81: 75.196754 | K81: 78.795822 | L81: 81.738899 | M81: 85.418327 | N81: 88.640144 | O81: 92.633263 | P81: 96.628281 | Q81: 99.838829 | R81: 104.18846 | S81: 108.69236 | T81: 113.09673 | U81: 118.56415 | V81: 124.03866 | W81: 129.22836 | X81: 135.09436 | Y81: 141.4718 | Z81: 146.93616 | AA81: 153.70592 | AB81: 161.38742 | AC81: 167.87186 | AD81: 175.62468 | AE81: 183.21931 | AF81: 190.29674 | AG81: 0.049362
A82: EGC000:ha_Other | B82: Other 14/ | C82: 0.8858 | D82: 0.8858 | E82: 0.9358 | F82: 0.9358 | G82: 0.9358 | H82: 0.9358 | I82: 0.9358 | J82: 0.9358 | K82: 0.9358 | L82: 0.9358 | M82: 0.9358 | N82: 0.9358 | O82: 0.9358 | P82: 0.9358 | Q82: 0.9358 | R82: 0.9358 | S82: 0.9358 | T82: 0.9358 | U82: 0.9358 | V82: 0.9358 | W82: 0.9358 | X82: 0.9358 | Y82: 0.9358 | Z82: 0.9358 | AA82: 0.9358 | AB82: 0.9358 | AC82: 0.9358 | AD82: 0.9358 | AE82: 0.9358 | AF82: 0.9358 | AG82: 0.001895
A83: EGC000:ha_Total | B83: Total | C83: 71.557983 | D83: 76.81424 | E83: 82.137154 | F83: 86.720314 | G83: 90.363998 | H83: 94.379036 | I83: 98.118004 | J83: 101.47182 | K83: 105.29628 | L83: 108.45953 | M83: 112.34581 | N83: 115.77516 | O83: 119.97815 | P83: 124.18646 | Q83: 127.61058 | R83: 132.18066 | S83: 136.91588 | T83: 141.5598 | U83: 147.27464 | V83: 152.99579 | W83: 158.45117 | X83: 164.59773 | Y83: 171.26108 | Z83: 177.00348 | AA83: 184.06412 | AB83: 192.05188 | AC83: 198.84431 | AD83: 206.91054 | AE83: 214.83339 | AF83: 222.27063 | AG83: 0.039856
A85: EGC000:ia_CumulativeCap | B85: Cumulative Capacity Additions 10/ | C85: -- | D85: 5.256845 | E85: 10.585241 | F85: 15.176817 | G85: 18.837238 | H85: 22.861284 | I85: 26.611063 | J85: 29.974789 | K85: 33.809055 | L85: 37.002979 | M85: 40.899242 | N85: 44.338684 | O85: 48.552151 | P85: 52.770702 | Q85: 56.226562 | R85: 60.806293 | S85: 65.550591 | T85: 70.203514 | U85: 75.927422 | V85: 81.658073 | W85: 87.121719 | X85: 93.276222 | Y85: 99.947739 | Z85: 105.69914 | AA85: 112.76856 | AB85: 120.7645 | AC85: 127.58605 | AD85: 135.66118 | AE85: 143.59222 | AF85: 151.10249 | AG85: --
B87: 1/ Net summer capacity is the steady hourly output that generating equipment is expected to supply to
B88: system load (exclusive of auxiliary power), as demonstrated by tests during summer peak demand.
B89: 2/ Includes electricity-only and combined heat and power plants that have a regulatory status.
B90: 3/ Includes plants that only produce electricity and that have a regulatory status. Includes capacity increases (uprates) at existing units.
B91: 4/ Total coal and oil and natural gas steam capacity account for the conversion of coal capacity to gas steam capacity, but the conversions
B92: are not included explicitly as additions or retirements. No planned conversions are assumed. The totals reflect any conversions projected by
B93: the model.
B94: 5/ Includes oil-, gas-, and dual-fired capacity.
B95: 6/ Nuclear capacity includes 2.1 gigawatts of uprates.
B96: 7/ Includes conventional hydroelectric, geothermal, wood, wood waste, all municipal waste, landfill gas,
B97: other biomass, solar, and wind power. Facilities co-firing biomass and coal are classified as coal.
B98: 8/ Primarily peak-load capacity fueled by natural gas.
... B111: AEO2022 National Energy Modeling System run ref2022.d011222a. Projections: EIA, AEO2022 National Energy Modeling System run ref2022.d011222a.

Sheet AEO Table 16
B1: ref2020.d112119a | C1: 2019 | D1: 2020 | E1: 2021 | F1: 2022 | G1: 2023 | H1: 2024 | I1: 2025 | J1: 2026 | K1: 2027 | L1: 2028 | M1: 2029 | N1: 2030 | O1: 2031 | P1: 2032 | Q1: 2033 | R1: 2034 | S1: 2035 | T1: 2036 | U1: 2037 | V1: 2038 | W1: 2039 | X1: 2040 | Y1: 2041 | Z1: 2042 | AA1: 2043 | AB1: 2044 | AC1: 2045 | AD1: 2046 | AE1: 2047 | AF1: 2048 | AG1: 2049 | AH1: 2050
C3: Report | D3: Annual Energy Outlook 2020
C4: Scenario | D4: ref2020 | G4: Reference case
C5: Datekey | D5: d112119a
C6: Release Date | E6: January 2020
A10: REN000 | B10: 16. Renewable Energy Generating Capacity and Generation
B11: (gigawatts, unless otherwise noted)
AI12: 2019-
B13: Net Summer Capacity and Generation | C13: 2019 | D13: 2020 | E13: 2021 | F13: 2022 | G13: 2023 | H13: 2024 | I13: 2025 | J13: 2026 | K13: 2027 | L13: 2028 | M13: 2029 | N13: 2030 | O13: 2031 | P13: 2032 | Q13: 2033 | R13: 2034 | S13: 2035 | T13: 2036 | U13: 2037 | V13: 2038 | W13: 2039 | X13: 2040 | Y13: 2041 | Z13: 2042 | AA13: 2043 | AB13: 2044 | AC13: 2045 | AD13: 2046 | AE13: 2047 | AF13: 2048 | AG13: 2049 | AH13: 2050 | AI13: 2050
B15: Electric Power Sector 1/
B16: Net Summer Capacity
A17: REN000:ba_ConventionalH | B17: Conventional Hydroelectric Power | C17: 79.01741 | D17: 79.271912 | E17: 79.286407 | F17: 79.286407 | G17: 79.313362 | H17: 79.313362 | I17: 79.308868 | J17: 79.308868 | K17: 79.308868 | L17: 79.293068 | M17: 79.293068 | N17: 79.293068 | O17: 79.293068 | P17: 79.293068 | Q17: 79.293068 | R17: 79.293068 | S17: 79.293068 | T17: 79.293068 | U17: 79.293068 | V17: 79.293068 | W17: 79.293068 | X17: 79.293068 | Y17: 79.293068 | Z17: 79.293068 | AA17: 79.293068 | AB17: 79.293068 | AC17: 79.293068 | AD17: 79.293068 | AE17: 79.293068 | AF17: 79.293068 | AG17: 79.293068 | AH17: 79.293068 | AI17: 0.000112
A18: REN000:ba_Geothermal | B18: Geothermal 2/ | C18: 2.3482 | D18: 2.4631 | E18: 2.4631 | F18: 2.4631 | G18: 2.5881 | H18: 2.709551 | I18: 2.834552 | J18: 3.009551 | K18: 3.178476 | L18: 3.351476 | M18: 3.510555 | N18: 3.683555 | O18: 3.889848 | P18: 4.111573 | Q18: 4.300969 | R18: 4.472856 | S18: 4.713831 | T18: 4.942369 | U18: 5.196389 | V18: 5.417748 | W18: 5.632642 | X18: 5.759987 | Y18: 5.89389 | Z18: 6.036116 | AA18: 6.164799 | AB18: 6.288597 | AC18: 6.404343 | AD18: 6.519082 | AE18: 6.630029 | AF18: 6.746582 | AG18: 6.816816 | AH18: 6.864817 | AI18: 0.035211
A19: REN000:ba_MunicipalSoli | B19: Municipal Waste 3/ | C19: 3.5984 | D19: 3.5352 | E19: 3.5352 | F19: 4.595798 | G19: 4.685465 | H19: 4.90714 | I19: 6.233034 | J19: 6.240518 | K19: 6.244095 | L19: 6.238695 | M19: 6.304905 | N19: 6.329559 | O19: 6.34802 | P19: 6.411255 | Q19: 6.417527 | R19: 6.426634 | S19: 6.439475 | T19: 6.450465 | U19: 6.459058 | V19: 6.469832 | W19: 6.477109 | X19: 6.482798 | Y19: 6.490486 | Z19: 6.498721 | AA19: 6.503995 | AB19: 6.510093 | AC19: 6.586403 | AD19: 6.721141 | AE19: 6.885921 | AF19: 7.015985 | AG19: 7.128514 | AH19: 7.461837 | AI19: 0.023805
A20: REN000:ba_WoodandOtherB | B20: Wood and Other Biomass 4/ | C20: 3.136601 | D20: 3.174101 | E20: 3.193101 | F20: 3.193101 | G20: 3.193101 | H20: 3.177101 | I20: 3.177101 | J20: 3.177101 | K20: 3.177101 | L20: 3.177101 | M20: 3.177101 | N20: 3.177101 | O20: 3.177101 | P20: 3.177101 | Q20: 3.177101 | R20: 3.177101 | S20: 3.177101 | T20: 3.177101 | U20: 3.177101 | V20: 3.177101 | W20: 3.177101 | X20: 3.177101 | Y20: 3.177101 | Z20: 3.177101 | AA20: 3.177101 | AB20: 3.177101 | AC20: 3.177101 | AD20: 3.177101 | AE20: 3.177101 | AF20: 3.177101 | AG20: 3.177101 | AH20: 3.177101 | AI20: 0.000414
A21: REN000:ba_SolarThermal | B21: Solar Thermal | C21: 1.7579 | D21: 1.7579 | E21: 1.9579 | F21: 1.9579 | G21: 1.9579 | H21: 1.9579 | I21: 1.9579 | J21: 1.9579 | K21: 1.9579 | L21: 1.9579 | M21: 1.9579 | N21: 1.9579 | O21: 1.9579 | P21: 1.9579 | Q21: 1.9579 | R21: 1.9579 | S21: 1.9579 | T21: 2.054903 | U21: 2.054903 | V21: 2.054903 | W21: 2.054903 | X21: 2.054903 | Y21: 2.054903 | Z21: 2.054903 | AA21: 2.054903 | AB21: 2.054903 | AC21: 2.054903 | AD21: 2.054903 | AE21: 2.054903 | AF21: 2.054903 | AG21: 2.054903 | AH21: 2.054903 | AI21: 0.005049
A22: REN000:ba_SolarPhotovol | B22: Solar Photovoltaic 5/ | C22: 35.650036 | D22: 47.552647 | E22: 62.421032 | F22: 79.519684 | G22: 82.382912 | H22: 93.363785 | I22: 109.09453 | J22: 122.2956 | K22: 131.16656 | L22: 137.23177 | M22: 149.194 | N22: 157.86147 | O22: 158.66968 | P22: 160.06621 | Q22: 161.64377 | R22: 162.31509 | S22: 165.66502 | T22: 171.16968 | U22: 177.5 | V22: 184.77994 | W22: 193.15179 | X22: 202.77945 | Y22: 213.85129 | Z22: 226.58389 | AA22: 241.22636 | AB22: 257.62003 | AC22: 273.80158 | AD22: 283.97189 | AE22: 292.58749 | AF22: 297.68033 | AG22: 303.61624 | AH22: 309.33328 | AI22: 0.072185
A23: REN000:ba_Wind | B23: Wind | C23: 106.77906 | D23: 121.42804 | E23: 125.09204 | F23: 140.25374 | G23: 157.68971 | H23: 159.55623 | I23: 160.01884 | J23: 160.45764 | K23: 160.71304 | L23: 161.58347 | M23: 163.12186 | N23: 163.15025 | O23: 163.29872 | P23: 163.41464 | Q23: 163.84367 | R23: 164.4521 | S23: 164.77629 | T23: 165.84058 | U23: 166.26164 | V23: 167.60843 | W23: 167.60843 | X23: 168.71617 | Y23: 169.97813 | Z23: 171.47813 | AA23: 173.20312 | AB23: 174.5002 | AC23: 176.28557 | AD23: 177.65462 | AE23: 179.51884 | AF23: 181.66272 | AG23: 184.12816 | AH23: 186.96344 | AI23: 0.018234
A24: REN000:ba_OffshoreWind | B24: Offshore Wind | C24: 0.0293 | D24: 0.0293 | E24: 0.0413 | F24: 0.462 | G24: 0.862 | H24: 0.862 | I24: 0.862 | J24: 0.862 | K24: 0.862 | L24: 2.862 | M24: 2.862 | N24: 9.962001 | O24: 9.962001 | P24: 9.962001 | Q24: 9.962001 | R24: 9.962001 | S24: 18.162001 | T24: 18.162001 | U24: 18.162001 | V24: 18.162001 | W24: 18.162001 | X24: 18.162001 | Y24: 18.162001 | Z24: 18.162001 | AA24: 18.162001 | AB24: 18.162001 | AC24: 18.162001 | AD24: 18.162001 | AE24: 18.162001 | AF24: 18.162001 | AG24: 18.162001 | AH24: 18.162001 | AI24: 0.230479
A25: REN000:ba_Total | B25: Total Electric Power Sector Capacity | C25: 232.31689 | D25: 259.21222 | E25: 277.99008 | F25: 311.73172 | G25: 332.67255 | H25: 345.84705 | I25: 363.48682 | J25: 377.30917 | K25: 386.60803 | L25: 395.69547 | M25: 409.42139 | N25: 425.41489 | O25: 426.59634 | P25: 428.39377 | Q25: 430.59604 | R25: 432.05673 | S25: 444.18469 | T25: 451.09015 | U25: 458.10413 | V25: 466.96301 | W25: 475.55704 | X25: 486.42548 | Y25: 498.90088 | Z25: 513.28394 | AA25: 529.78534 | AB25: 547.60596 | AC25: 565.76495 | AD25: 577.55377 | AE25: 588.30933 | AF25: 595.79266 | AG25: 604.37677 | AH25: 613.31043 | AI25: 0.031811
B27: Generation (billion kilowatthours)
A28: REN000:ca_ConventionalH | B28: Conventional Hydroelectric Power | C28: 286.8497 | D28: 290.85043 | E28: 291.28909 | F28: 290.40598 | G28: 290.62326 | H28: 290.55438 | I28: 290.40405 | J28: 290.44812 | K28: 290.41251 | L28: 290.2128 | M28: 290.14343 | N28: 290.08758 | O28: 290.05627 | P28: 289.97708 | Q28: 289.97565 | R28: 290.12964 | S28: 290.13016 | T28: 290.08637 | U28: 289.98865 | V28: 289.89526 | W28: 289.75073 | X28: 289.48035 | Y28: 289.06525 | Z28: 287.66159 | AA28: 288.08447 | AB28: 288.10931 | AC28: 287.05252 | AD28: 287.3045 | AE28: 288.31576 | AF28: 288.51184 | AG28: 288.15256 | AH28: 287.37198 | AI28: 5.9e-05
A29: REN000:ca_Geothermal | B29: Geothermal 2/ | C29: 16.426468 | D29: 16.361433 | E29: 16.888786 | F29: 16.702055 | G29: 17.761251 | H29: 18.722136 | I29: 19.68355 | J29: 21.074533 | K29: 22.416073 | L29: 23.796101 | M29: 25.068382 | N29: 26.471849 | O29: 28.113708 | P29: 29.887621 | Q29: 31.406464 | R29: 32.766171 | S29: 34.688263 | T29: 36.51889 | U29: 38.554043 | V29: 40.325897 | W29: 42.031757 | X29: 43.064163 | Y29: 44.175514 | Z29: 45.35313 | AA29: 46.427822 | AB29: 47.466148 | AC29: 48.413834 | AD29: 49.341461 | AE29: 50.238968 | AF29: 51.18895 | AG29: 51.794857 | AH29: 52.168888 | AI29: 0.037981
A30: REN000:ca_MunicipalSoli | B30: Biogenic Municipal Waste 6/ | C30: 18.621603 | D30: 18.31221 | E30: 18.458729 | F30: 27.298038 | G30: 28.083776 | H30: 29.960659 | I30: 41.086681 | J30: 41.184147 | K30: 41.226151 | L30: 41.240334 | M30: 41.825611 | N30: 42.373741 | O30: 42.598213 | P30: 43.170311 | Q30: 43.267315 | R30: 43.360043 | S30: 43.238781 | T30: 43.338829 | U30: 43.440544 | V30: 43.585052 | W30: 43.905624 | X30: 44.000263 | Y30: 44.171688 | Z30: 44.498764 | AA30: 44.584099 | AB30: 44.696102 | AC30: 45.416821 | AD30: 46.787193 | AE30: 48.179081 | AF30: 49.266087 | AG30: 50.279854 | AH30: 53.421425 | AI30: 0.034581
A31: REN000:ca_WoodandOtherB | B31: Wood and Other Biomass | C31: 12.558012 | D31: 13.200104 | E31: 13.357598 | F31: 13.355019 | G31: 13.357866 | H31: 13.287386 | I31: 13.288007 | J31: 13.394246 | K31: 13.325274 | L31: 13.379846 | M31: 13.425287 | N31: 13.523584 | O31: 13.59621 | P31: 13.644472 | Q31: 13.747925 | R31: 13.704589 | S31: 13.571692 | T31: 13.664078 | U31: 13.647899 | V31: 13.665098 | W31: 13.710254 | X31: 13.721298 | Y31: 13.716153 | Z31: 13.686647 | AA31: 13.861465 | AB31: 13.861139 | AC31: 13.816843 | AD31: 13.853425 | AE31: 13.95953 | AF31: 13.960332 | AG31: 14.100089 | AH31: 13.926688 | AI31: 0.003343
A32: REN000:ca_DedicatedPlan | B32: Dedicated Plants | C32: 12.334988 | D32: 12.981882 | E32: 13.203393 | F32: 13.201896 | G32: 13.195939 | H32: 13.200938 | I32: 13.207555 | J32: 13.25511 | K32: 13.215904 | L32: 13.231869 | M32: 13.262262 | N32: 13.370098 | O32: 13.391237 | P32: 13.443692 | Q32: 13.545534 | R32: 13.549536 | S32: 13.416645 | T32: 13.461696 | U32: 13.445515 | V32: 13.462709 | W32: 13.507868 | X32: 13.518916 | Y32: 13.513777 | Z32: 13.518544 | AA32: 13.519307 | AB32: 13.518906 | AC32: 13.474499 | AD32: 13.511037 | AE32: 13.61707 | AF32: 13.617805 | AG32: 13.75748 | AH32: 13.757247 | AI32: 0.003526
A33: REN000:ca_Cofiring | B33: Cofiring | C33: 0.223024 | D33: 0.218222 | E33: 0.154205 | F33: 0.153123 | G33: 0.161927 | H33: 0.086448 | I33: 0.080452 | J33: 0.139136 | K33: 0.109371 | L33: 0.147976 | M33: 0.163025 | N33: 0.153486 | O33: 0.204973 | P33: 0.20078 | Q33: 0.202391 | R33: 0.155053 | S33: 0.155047 | T33: 0.202382 | U33: 0.202384 | V33: 0.202389 | W33: 0.202386 | X33: 0.202382 | Y33: 0.202376 | Z33: 0.168103 | AA33: 0.342158 | AB33: 0.342234 | AC33: 0.342344 | AD33: 0.342388 | AE33: 0.342459 | AF33: 0.342526 | AG33: 0.34261 | AH33: 0.169442 | AI33: -0.008824
A34: REN000:ca_SolarThermal | B34: Solar Thermal | C34: 3.393826 | D34: 3.578704 | E34: 3.7446 | F34: 3.699154 | G34: 3.725969 | H34: 3.661395 | I34: 3.607657 | J34: 3.545564 | K34: 3.693398 | L34: 3.620639 | M34: 3.647186 | N34: 3.637615 | O34: 3.697855 | P34: 3.593748 | Q34: 3.423692 | R34: 3.569414 | S34: 3.618213 | T34: 3.867536 | U34: 3.905533 | V34: 3.812092 | W34: 3.862752 | X34: 3.867754 | Y34: 3.856998 | Z34: 3.855087 | AA34: 3.840596 | AB34: 3.839532 | AC34: 3.795616 | AD34: 3.701144 | AE34: 3.646994 | AF34: 3.75328 | AG34: 3.685814 | AH34: 3.677837 | AI34: 0.002596
A35: REN000:ca_SolarPhotovol | B35: Solar Photovoltaic 5/ | C35: 69.289055 | D35: 89.754234 | E35: 123.27203 | F35: 158.84302 | G35: 172.00632 | H35: 196.25824 | I35: 236.30092 | J35: 271.15814 | K35: 295.14087 | L35: 311.64975 | M35: 339.45572 | N35: 364.07678 | O35: 370.14676 | P35: 373.70514 | Q35: 377.91229 | R35: 380.21591 | S35: 387.16403 | T35: 400.21963 | U35: 417.58108 | V35: 437.18976 | W35: 459.08508 | X35: 483.9032 | Y35: 511.26572 | Z35: 543.99219 | AA35: 580.78339 | AB35: 623.0329 | AC35: 664.698 | AD35: 692.48822 | AE35: 713.96497 | AF35: 727.57147 | AG35: 744.74658 | AH35: 760.15772 | AI35: 0.080329
A36: REN000:ca_Wind | B36: Wind | C36: 295.43286 | D36: 336.08865 | E36: 369.09534 | F36: 423.9873 | G36: 487.828 | H36: 505.9108 | I36: 509.02246 | J36: 510.48828 | K36: 511.62057 | L36: 514.05084 | M36: 519.2594 | N36: 520.16858 | O36: 520.29321 | P36: 520.74213 | Q36: 522.13538 | R36: 524.55151 | S36: 525.99316 | T36: 529.27716 | U36: 531.22607 | V36: 535.3866 | W36: 536.33441 | X36: 539.492 | Y36: 543.7727 | Z36: 548.37824 | AA36: 554.62293 | AB36: 558.44928 | AC36: 565.96686 | AD36: 570.59534 | AE36: 576.91211 | AF36: 584.72705 | AG36: 593.10516 | AH36: 605.20264 | AI36: 0.023403
A37: REN000:ca_OffshoreWind | B37: Offshore Wind | C37: 0.108924 | D37: 0.108905 | E37: 0.125454 | F37: 1.451207 | G37: 3.039625 | H37: 3.35525 | I37: 3.355233 | J37: 3.355291 | K37: 3.355132 | L37: 9.636698 | M37: 11.212714 | N37: 35.428905 | O37: 41.512726 | P37: 41.52047 | Q37: 41.513855 | R37: 41.513824 | S37: 66.31514 | T37: 73.741432 | U37: 73.734154 | V37: 73.737892 | W37: 73.739388 | X37: 73.72834 | Y37: 73.738037 | Z37: 73.734695 | AA37: 73.742805 | AB37: 73.745949 | AC37: 73.727722 | AD37: 73.74868 | AE37: 73.740639 | AF37: 73.754898 | AG37: 73.737579 | AH37: 73.738426 | AI37: 0.233982
A38: REN000:ca_Total | B38: Total Electric Power Sector Generation | C38: 702.68048 | D38: 768.25464 | E38: 836.23169 | F38: 935.74182 | G38: 1016.4261 | H38: 1061.7102 | I38: 1116.7485 | J38: 1154.6483 | K38: 1181.1899 | L38: 1207.587 | M38: 1244.0377 | N38: 1295.7686 | O38: 1310.0149 | P38: 1316.241 | Q38: 1323.3826 | R38: 1329.8112 | S38: 1364.7194 | T38: 1390.7139 | U38: 1412.078 | V38: 1437.5977 | W38: 1462.4199 | X38: 1491.2573 | Y38: 1523.7622 | Z38: 1561.1604 | AA38: 1605.9475 | AB38: 1653.2004 | AC38: 1702.8882 | AD38: 1737.8199 | AE38: 1768.958 | AF38: 1792.7339 | AG38: 1819.6025 | AH38: 1849.6655 | AI38: 0.031714
B40: End-Use Sectors 7/
B41: Net Summer Capacity
A42: REN000:da_ConventionalH | B42: Conventional Hydroelectric Power | C42: 0.242057 | D42: 0.242057 | E42: 0.242057 | F42: 0.242057 | G42: 0.242057 | H42: 0.242057 | I42: 0.242057 | J42: 0.242057 | K42: 0.242057 | L42: 0.242057 | M42: 0.242057 | N42: 0.242057 | O42: 0.242057 | P42: 0.242057 | Q42: 0.242057 | R42: 0.242057 | S42: 0.242057 | T42: 0.242057 | U42: 0.242057 | V42: 0.242057 | W42: 0.242057 | X42: 0.242057 | Y42: 0.242057 | Z42: 0.242057 | AA42: 0.242057 | AB42: 0.242057 | AC42: 0.242057 | AD42: 0.242057 | AE42: 0.242057 | AF42: 0.242057 | AG42: 0.242057 | AH42: 0.242057 | AI42: 0
A43: REN000:da_Geothermal | B43: Geothermal | C43: 0 | D43: 0 | E43: 0 | F43: 0 | G43: 0 | H43: 0 | I43: 0 | J43: 0 | K43: 0 | L43: 0 | M43: 0 | N43: 0 | O43: 0 | P43: 0 | Q43: 0 | R43: 0 | S43: 0 | T43: 0 | U43: 0 | V43: 0 | W43: 0 | X43: 0 | Y43: 0 | Z43: 0 | AA43: 0 | AB43: 0 | AC43: 0 | AD43: 0 | AE43: 0 | AF43: 0 | AG43: 0 | AH43: 0 | AI43: - -
A44: REN000:da_MunicipalSoli | B44: Municipal Waste 8/ | C44: 0.468468 | D44: 0.468468 | E44: 0.468468 | F44: 0.468468 | G44: 0.468468 | H44: 0.468468 | I44: 0.468468 | J44: 0.468468 | K44: 0.468468 | L44: 0.468468 | M44: 0.468468 | N44: 0.468468 | O44: 0.468468 | P44: 0.468468 | Q44: 0.468468 | R44: 0.468468 | S44: 0.468468 | T44: 0.468468 | U44: 0.468468 | V44: 0.468468 | W44: 0.468468 | X44: 0.468468 | Y44: 0.468468 | Z44: 0.468468 | AA44: 0.468468 | AB44: 0.468468 | AC44: 0.468468 | AD44: 0.468468 | AE44: 0.468468 | AF44: 0.468468 | AG44: 0.468468 | AH44: 0.468468 | AI44: 0
A45: REN000:da_Biomass | B45: Biomass | C45: 4.247891 | D45: 4.221756 | E45: 4.588765 | F45: 4.589312 | G45: 4.594244 | H45: 4.611209 | I45: 4.625879 | J45: 4.648805 | K45: 4.669003 | L45: 4.693959 | M45: 4.719191 | N45: 4.747314 | O45: 4.777268 | P45: 4.806496 | Q45: 4.834612 | R45: 4.863103 | S45: 4.888938 | T45: 4.912796 | U45: 4.938896 | V45: 4.964012 | W45: 4.987885 | X45: 5.011303 | Y45: 5.033685 | Z45: 5.056613 | AA45: 5.081936 | AB45: 5.101792 | AC45: 5.122514 | AD45: 5.188097 | AE45: 5.221932 | AF45: 5.256651 | AG45: 5.298035 | AH45: 5.321132 | AI45: 0.007293
A46: REN000:da_SolarPhotovol | B46: Solar Photovoltaic 5/ | C46: 30.33028 | D46: 35.581432 | E46: 40.805195 | F46: 45.183273 | G46: 48.637951 | H46: 51.620972 | I46: 55.267879 | J46: 58.940559 | K46: 62.574356 | L46: 65.9058 | M46: 69.302483 | N46: 72.995232 | O46: 75.989685 | P46: 78.906395 | Q46: 82.138046 | R46: 85.416397 | S46: 88.331894 | T46: 91.753372 | U46: 94.77774 | V46: 98.217926 | W46: 101.36349 | X46: 104.43519 | Y46: 107.66142 | Z46: 110.91522 | AA46: 114.14284 | AB46: 117.59483 | AC46: 120.90386 | AD46: 124.51816 | AE46: 128.05815 | AF46: 131.5316 | AG46: 134.86348 | AH46: 138.43445 | AI46: 0.050195
A47: REN000:da_WindWind | B47: Wind | C47: 0.568962 | D47: 0.569038 | E47: 0.569736 | F47: 0.5699 | G47: 0.570009 | H47: 0.570635 | I47: 0.571834 | J47: 0.574394 | K47: 0.57676 | L47: 0.576797 | M47: 0.576834 | N47: 0.577892 | O47: 0.577963 | P47: 0.578146 | Q47: 0.579053 | R47: 0.579533 | S47: 0.579539 | T47: 0.579641 | U47: 0.579663 | V47: 0.581122 | W47: 0.582457 | X47: 0.582597 | Y47: 0.584626 | Z47: 0.585201 | AA47: 0.585459 | AB47: 0.585853 | AC47: 0.586151 | AD47: 0.586508 | AE47: 0.586902 | AF47: 0.58717 | AG47: 0.587438 | AH47: 0.587707 | AI47: 0.001046
A48: REN000:da_Total | B48: Total End-Use Sector Capacity | C48: 35.857658 | D48: 41.082752 | E48: 46.674221 | F48: 51.053009 | G48: 54.512726 | H48: 57.51334 | I48: 61.176117 | J48: 64.874283 | K48: 68.53064 | L48: 71.887085 | M48: 75.309036 | N48: 79.03096 | O48: 82.055443 | P48: 85.001564 | Q48: 88.262238 | R48: 91.569565 | S48: 94.510895 | T48: 97.956337 | U48: 101.00683 | V48: 104.47359 | W48: 107.64436 | X48: 110.73961 | Y48: 113.99026 | Z48: 117.26755 | AA48: 120.52076 | AB48: 123.993 | AC48: 127.32305 | AD48: 131.00328 | AE48: 134.5775 | AF48: 138.08595 | AG48: 141.45947 | AH48: 145.05382 | AI48: 0.046114
B50: Generation (billion kilowatthours)
A51: REN000:ea_ConventionalH | B51: Conventional Hydroelectric Power | C51: 1.417236 | D51: 1.417236 | E51: 1.417236 | F51: 1.417236 | G51: 1.417236 | H51: 1.417236 | I51: 1.417236 | J51: 1.417236 | K51: 1.417236 | L51: 1.417236 | M51: 1.417236 | N51: 1.417236 | O51: 1.417236 | P51: 1.417236 | Q51: 1.417236 | R51: 1.417236 | S51: 1.417236 | T51: 1.417236 | U51: 1.417236 | V51: 1.417236 | W51: 1.417236 | X51: 1.417236 | Y51: 1.417236 | Z51: 1.417236 | AA51: 1.417236 | AB51: 1.417236 | AC51: 1.417236 | AD51: 1.417236 | AE51: 1.417236 | AF51: 1.417236 | AG51: 1.417236 | AH51: 1.417236 | AI51: 0
A52: REN000:ea_Geothermal | B52: Geothermal | C52: 0 | D52: 0 | E52: 0 | F52: 0 | G52: 0 | H52: 0 | I52: 0 | J52: 0 | K52: 0 | L52: 0 | M52: 0 | N52: 0 | O52: 0 | P52: 0 | Q52: 0 | R52: 0 | S52: 0 | T52: 0 | U52: 0 | V52: 0 | W52: 0 | X52: 0 | Y52: 0 | Z52: 0 | AA52: 0 | AB52: 0 | AC52: 0 | AD52: 0 | AE52: 0 | AF52: 0 | AG52: 0 | AH52: 0 | AI52: - -
A53: REN000:ea_MunicipalSoli | B53: Municipal Waste 8/ | C53: 3.563287 | D53: 3.563287 | E53: 3.559607 | F53: 3.559607 | G53: 3.559607 | H53: 3.559607 | I53: 3.559607 | J53: 3.559607 | K53: 3.559607 | L53: 3.559607 | M53: 3.559607 | N53: 3.559607 | O53: 3.559607 | P53: 3.559607 | Q53: 3.559607 | R53: 3.559607 | S53: 3.559607 | T53: 3.559607 | U53: 3.559607 | V53: 3.559607 | W53: 3.559607 | X53: 3.559607 | Y53: 3.559607 | Z53: 3.559607 | AA53: 3.559607 | AB53: 3.559607 | AC53: 3.559607 | AD53: 3.559607 | AE53: 3.559607 | AF53: 3.559607 | AG53: 3.559607 | AH53: 3.559607 | AI53: -3.3e-05
A54: REN000:ea_Biomass | B54: Biomass | C54: 22.884201 | D54: 22.737574 | E54: 22.647512 | F54: 22.650574 | G54: 22.678247 | H54: 22.77343 | I54: 22.85574 | J54: 22.98436 | K54: 23.097681 | L54: 23.237694 | M54: 23.379253 | N54: 23.537043 | O54: 23.705097 | P54: 23.869074 | Q54: 24.026823 | R54: 24.186666 | S54: 24.331612 | T54: 24.465466 | U54: 24.611897 | V54: 24.75281 | W54: 24.886751 | X54: 25.018141 | Y54: 25.143703 | Z54: 25.272015 | AA54: 25.413366 | AB54: 25.524544 | AC54: 25.640484 | AD54: 25.786478 | AE54: 25.961157 | AF54: 26.099716 | AG54: 26.23344 | AH54: 26.339357 | AI54: 0.004546
A55: REN000:ea_SolarPhotovol | B55: Solar Photovoltaic 5/ | C55: 40.68438 | D55: 47.398712 | E55: 54.067024 | F55: 59.642494 | G55: 64.051888 | H55: 67.876884 | I55: 72.563568 | J55: 77.272598 | K55: 81.924232 | L55: 86.243294 | M55: 90.688889 | N55: 95.485374 | O55: 99.420494 | P55: 103.24345 | Q55: 107.45144 | R55: 111.74862 | S55: 115.59664 | T55: 120.07184 | U55: 124.07529 | V55: 128.56041 | W55: 132.70792 | X55: 136.79155 | Y55: 141.0569 | Z55: 145.34503 | AA55: 149.67284 | AB55: 154.23299 | AC55: 158.64716 | AD55: 163.48572 | AE55: 168.21449 | AF55: 172.88574 | AG55: 177.40709 | AH55: 182.222 | AI55: 0.049556
A56: REN000:ea_WindyWindy | B56: Wind | C56: 0.773684 | D56: 0.773787 | E56: 0.774959 | F56: 0.775186 | G56: 0.775319 | H56: 0.776355 | I56: 0.778289 | J56: 0.782533 | K56: 0.786481 | L56: 0.786526 | M56: 0.786572 | N56: 0.788315 | O56: 0.788404 | P56: 0.788702 | Q56: 0.790217 | R56: 0.791004 | S56: 0.79101 | T56: 0.791174 | U56: 0.791196 | V56: 0.793619 | W56: 0.795811 | X56: 0.795955 | Y56: 0.799195 | Z56: 0.799985 | AA56: 0.800249 | AB56: 0.800739 | AC56: 0.801067 | AD56: 0.801476 | AE56: 0.801945 | AF56: 0.802219 | AG56: 0.802492 | AH56: 0.802767 | AI56: 0.001191
A57: REN000:ea_Total | B57: Total End-Use Sector Generation | C57: 69.322784 | D57: 75.890594 | E57: 82.466331 | F57: 88.045097 | G57: 92.4823 | H57: 96.403511 | I57: 101.17444 | J57: 106.01633 | K57: 110.78524 | L57: 115.24436 | M57: 119.83156 | N57: 124.78758 | O57: 128.89084 | P57: 132.87807 | Q57: 137.24533 | R57: 141.70312 | S57: 145.69611 | T57: 150.30531 | U57: 154.45523 | V57: 159.08369 | W57: 163.36731 | X57: 167.58249 | Y57: 171.97664 | Z57: 176.39388 | AA57: 180.8633 | AB57: 185.53511 | AC57: 190.06555 | AD57: 195.05052 | AE57: 199.95444 | AF57: 204.76451 | AG57: 209.41986 | AH57: 214.34097 | AI57: 0.037084
B60: All Sectors
B61: Net Summer Capacity
A62: REN000:x1_Hydropowers | B62: Conventional Hydroelectric Power | C62: 79.259468 | D62: 79.513969 | E62: 79.528465 | F62: 79.528465 | G62: 79.55542 | H62: 79.55542 | I62: 79.550926 | J62: 79.550926 | K62: 79.550926 | L62: 79.535126 | M62: 79.535126 | N62: 79.535126 | O62: 79.535126 | P62: 79.535126 | Q62: 79.535126 | R62: 79.535126 | S62: 79.535126 | T62: 79.535126 | U62: 79.535126 | V62: 79.535126 | W62: 79.535126 | X62: 79.535126 | Y62: 79.535126 | Z62: 79.535126 | AA62: 79.535126 | AB62: 79.535126 | AC62: 79.535126 | AD62: 79.535126 | AE62: 79.535126 | AF62: 79.535126 | AG62: 79.535126 | AH62: 79.535126 | AI62: 0.000112
A63: REN000:x1_Geothermals | B63: Geothermal | C63: 2.3482 | D63: 2.4631 | E63: 2.4631 | F63: 2.4631 | G63: 2.5881 | H63: 2.709551 | I63: 2.834552 | J63: 3.009551 | K63: 3.178476 | L63: 3.351476 | M63: 3.510555 | N63: 3.683555 | O63: 3.889848 | P63: 4.111573 | Q63: 4.300969 | R63: 4.472856 | S63: 4.713831 | T63: 4.942369 | U63: 5.196389 | V63: 5.417748 | W63: 5.632642 | X63: 5.759987 | Y63: 5.89389 | Z63: 6.036116 | AA63: 6.164799 | AB63: 6.288597 | AC63: 6.404343 | AD63: 6.519082 | AE63: 6.630029 | AF63: 6.746582 | AG63: 6.816816 | AH63: 6.864817 | AI63: 0.035211
A64: REN000:x1_AllSolidWaste | B64: Municipal Waste | C64: 4.066867 | D64: 4.003667 | E64: 4.003667 | F64: 5.064265 | G64: 5.153933 | H64: 5.375607 | I64: 6.701501 | J64: 6.708986 | K64: 6.712563 | L64: 6.707162 | M64: 6.773373 | N64: 6.798027 | O64: 6.816488 | P64: 6.879723 | Q64: 6.885994 | R64: 6.895102 | S64: 6.907943 | T64: 6.918933 | U64: 6.927526 | V64: 6.9383 | W64: 6.945577 | X64: 6.951265 | Y64: 6.958953 | Z64: 6.967188 | AA64: 6.972463 | AB64: 6.978561 | AC64: 7.054871 | AD64: 7.189609 | AE64: 7.354389 | AF64: 7.484452 | AG64: 7.596982 | AH64: 7.930305 | AI64: 0.021776
A65: REN000:x1_AllBiomass | B65: Wood and Other Biomass 4/ | C65: 7.384492 | D65: 7.395857 | E65: 7.781866 | F65: 7.782413 | G65: 7.787345 | H65: 7.78831 | I65: 7.80298 | J65: 7.825906 | K65: 7.846104 | L65: 7.87106 | M65: 7.896292 | N65: 7.924416 | O65: 7.95437 | P65: 7.983597 | Q65: 8.011713 | R65: 8.040204 | S65: 8.066039 | T65: 8.089897 | U65: 8.115996 | V65: 8.141112 | W65: 8.164986 | X65: 8.188404 | Y65: 8.210786 | Z65: 8.233714 | AA65: 8.259037 | AB65: 8.278893 | AC65: 8.299615 | AD65: 8.365197 | AE65: 8.399034 | AF65: 8.433752 | AG65: 8.475136 | AH65: 8.498233 | AI65: 0.004542
A66: REN000:x1_AllSunnyOut | B66: Solar 5/ | C66: 67.73822 | D66: 84.891983 | E66: 105.18413 | F66: 126.66086 | G66: 132.97876 | H66: 146.94266 | I66: 166.32031 | J66: 183.19406 | K66: 195.69882 | L66: 205.09546 | M66: 220.45438 | N66: 232.81461 | O66: 236.61726 | P66: 240.93051 | Q66: 245.73972 | R66: 249.68939 | S66: 255.95482 | T66: 264.97797 | U66: 274.33264 | V66: 285.05277 | W66: 296.57019 | X66: 309.26953 | Y66: 323.56763 | Z66: 339.55402 | AA66: 357.4241 | AB66: 377.26975 | AC66: 396.76034 | AD66: 410.54495 | AE66: 422.70056 | AF66: 431.26685 | AG66: 440.53461 | AH66: 449.82263 | AI66: 0.062974
A67: REN000:x1_WetandDryWind | B67: Wind | C67: 107.37732 | D67: 122.02638 | E67: 125.70307 | F67: 141.28564 | G67: 159.12172 | H67: 160.98886 | I67: 161.45268 | J67: 161.89403 | K67: 162.15181 | L67: 165.02226 | M67: 166.56068 | N67: 173.69016 | O67: 173.83868 | P67: 173.95479 | Q67: 174.38474 | R67: 174.99364 | S67: 183.51784 | T67: 184.58221 | U67: 185.00331 | V67: 186.35155 | W67: 186.35289 | X67: 187.46077 | Y67: 188.72476 | Z67: 190.22534 | AA67: 191.95059 | AB67: 193.24805 | AC67: 195.03372 | AD67: 196.40312 | AE67: 198.26775 | AF67: 200.4119 | AG67: 202.87759 | AH67: 205.71315 | AI67: 0.021194
A68: REN000:x1_TotalTotal | B68: Total Capacity, All Sectors | C68: 268.17456 | D68: 300.29495 | E68: 324.66431 | F68: 362.78473 | G68: 387.1853 | H68: 403.36041 | I68: 424.66296 | J68: 442.18347 | K68: 455.13867 | L68: 467.58258 | M68: 484.73041 | N68: 504.44589 | O68: 508.65179 | P68: 513.39532 | Q68: 518.85828 | R68: 523.62634 | S68: 538.69562 | T68: 549.04651 | U68: 559.11096 | V68: 571.43658 | W68: 583.20142 | X68: 597.1651 | Y68: 612.89111 | Z68: 630.55151 | AA68: 650.30615 | AB68: 671.599 | AC68: 693.08801 | AD68: 708.55707 | AE68: 722.8869 | AF68: 733.87866 | AG68: 745.8363 | AH68: 758.36426 | AI68: 0.034102
B70: Generation (billion kilowatthours)
A71: REN000:x2_Hydropowers | B71: Conventional Hydroelectric Power | C71: 288.26694 | D71: 292.26767 | E71: 292.70633 | F71: 291.82321 | G71: 292.0405 | H71: 291.97162 | I71: 291.82129 | J71: 291.86536 | K71: 291.82974 | L71: 291.63004 | M71: 291.56067 | N71: 291.50482 | O71: 291.47351 | P71: 291.39432 | Q71: 291.39288 | R71: 291.54688 | S71: 291.54739 | T71: 291.5036 | U71: 291.40588 | V71: 291.3125 | W71: 291.16797 | X71: 290.89758 | Y71: 290.48248 | Z71: 289.07883 | AA71: 289.50171 | AB71: 289.52655 | AC71: 288.46976 | AD71: 288.72174 | AE71: 289.733 | AF71: 289.92908 | AG71: 289.56979 | AH71: 288.78922 | AI71: 5.8e-05
A72: REN000:x2_Geothermals | B72: Geothermal | C72: 16.426468 | D72: 16.361433 | E72: 16.888786 | F72: 16.702055 | G72: 17.761251 | H72: 18.722136 | I72: 19.68355 | J72: 21.074533 | K72: 22.416073 | L72: 23.796101 | M72: 25.068382 | N72: 26.471849 | O72: 28.113708 | P72: 29.887621 | Q72: 31.406464 | R72: 32.766171 | S72: 34.688263 | T72: 36.51889 | U72: 38.554043 | V72: 40.325897 | W72: 42.031757 | X72: 43.064163 | Y72: 44.175514 | Z72: 45.35313 | AA72: 46.427822 | AB72: 47.466148 | AC72: 48.413834 | AD72: 49.341461 | AE72: 50.238968 | AF72: 51.18895 | AG72: 51.794857 | AH72: 52.168888 | AI72: 0.037981
A73: REN000:x2_AllSolidWaste | B73: Municipal Waste | C73: 22.184891 | D73: 21.875498 | E73: 22.018335 | F73: 30.857645 | G73: 31.643383 | H73: 33.520267 | I73: 44.64629 | J73: 44.743755 | K73: 44.785759 | L73: 44.799942 | M73: 45.38522 | N73: 45.93335 | O73: 46.157822 | P73: 46.729919 | Q73: 46.826923 | R73: 46.919651 | S73: 46.798389 | T73: 46.898438 | U73: 47.000153 | V73: 47.144661 | W73: 47.465233 | X73: 47.559872 | Y73: 47.731297 | Z73: 48.058372 | AA73: 48.143707 | AB73: 48.255711 | AC73: 48.976429 | AD73: 50.346802 | AE73: 51.738689 | AF73: 52.825695 | AG73: 53.839462 | AH73: 56.981033 | AI73: 0.030897
A74: REN000:x2_AllBiomass | B74: Wood and Other Biomass | C74: 35.442215 | D74: 35.937675 | E74: 36.005112 | F74: 36.005592 | G74: 36.036114 | H74: 36.060814 | I74: 36.143745 | J74: 36.378605 | K74: 36.422955 | L74: 36.617538 | M74: 36.804543 | N74: 37.060627 | O74: 37.301308 | P74: 37.513546 | Q74: 37.77475 | R74: 37.891254 | S74: 37.903305 | T74: 38.129543 | U74: 38.259796 | V74: 38.417908 | W74: 38.597004 | X74: 38.739441 | Y74: 38.859856 | Z74: 38.958664 | AA74: 39.274834 | AB74: 39.385681 | AC74: 39.457329 | AD74: 39.639904 | AE74: 39.920685 | AF74: 40.060047 | AG74: 40.33353 | AH74: 40.266045 | AI74: 0.004125
A75: REN000:x2_AllSunnyOut | B75: Solar 5/ | C75: 113.36726 | D75: 140.73166 | E75: 181.08365 | F75: 222.18466 | G75: 239.78418 | H75: 267.79651 | I75: 312.47214 | J75: 351.97632 | K75: 380.75848 | L75: 401.51367 | M75: 433.79181 | N75: 463.19977 | O75: 473.26511 | P75: 480.54236 | Q75: 488.78744 | R75: 495.53397 | S75: 506.37891 | T75: 524.159 | U75: 545.56195 | V75: 569.56226 | W75: 595.65576 | X75: 624.5625 | Y75: 656.17963 | Z75: 693.19232 | AA75: 734.29681 | AB75: 781.10541 | AC75: 827.14075 | AD75: 859.67511 | AE75: 885.82642 | AF75: 904.21051 | AG75: 925.83948 | AH75: 946.05756 | AI75: 0.070837
A76: REN000:x2_WetandDryWind | B76: Wind | C76: 296.31546 | D76: 336.97134 | E76: 369.99576 | F76: 426.21368 | G76: 491.64294 | H76: 510.04242 | I76: 513.15594 | J76: 514.6261 | K76: 515.76221 | L76: 524.47406 | M76: 531.25867 | N76: 556.3858 | O76: 562.5943 | P76: 563.05127 | Q76: 564.43945 | R76: 566.85632 | S76: 593.0993 | T76: 603.80981 | U76: 605.7514 | V76: 609.91815 | W76: 610.86963 | X76: 614.0163 | Y76: 618.30994 | Z76: 622.9129 | AA76: 629.16596 | AB76: 632.99597 | AC76: 640.49567 | AD76: 645.14545 | AE76: 651.45471 | AF76: 659.28418 | AG76: 667.64526 | AH76: 679.74383 | AI76: 0.027146
A77: REN000:x2_TotalTotal | B77: Total Generation, All Sectors | C77: 772.00317 | D77: 844.14526 | E77: 918.698 | F77: 1023.7868 | G77: 1108.9083 | H77: 1158.1138 | I77: 1217.923 | J77: 1260.6647 | K77: 1291.9752 | L77: 1322.8313 | M77: 1363.8693 | N77: 1420.5562 | O77: 1438.9058 | P77: 1449.119 | Q77: 1460.6279 | R77: 1471.5143 | S77: 1510.4155 | T77: 1541.0193 | U77: 1566.5332 | V77: 1596.6814 | W77: 1625.7874 | X77: 1658.8398 | Y77: 1695.7386 | Z77: 1737.5542 | AA77: 1786.8108 | AB77: 1838.7355 | AC77: 1892.9539 | AD77: 1932.8704 | AE77: 1968.9125 | AF77: 1997.4985 | AG77: 2029.0223 | AH77: 2064.0066 | AI77: 0.032232
B79: 1/ Includes electricity-only and combined heat and power plants that have a regulatory status.
B80: 2/ Includes both hydrothermal resources (hot water and steam) and near-field enhanced geothermal systems (EGS). Near-field EGS
B81: potential occurs on known hydrothermal sites, however this potential requires the addition of external fluids for electricity
B82: generation and is only available after 2025.
B83: 3/ Includes municipal waste, landfill gas, and municipal sewage sludge. Incremental growth is assumed to be for landfill gas
B84: facilities. All municipal waste is included, although a portion of the municipal waste stream contains petroleum-derived plastics
B85: and other non-renewable sources.
B86: 4/ Facilities co-firing biomass and coal are classified as coal.
B87: 5/ Does not include off-grid photovoltaics.
B88: 6/ Includes biogenic municipal waste, landfill gas, and municipal sewage sludge. Incremental growth is assumed to be for
B89: landfill gas facilities.
B90: 7/ Includes combined heat and power plants and electricity-only plants in the commercial and industrial sectors that have a non-regulatory
... B98: Energy Modeling System run ref2020.d112119a. Projections: EIA, AEO2020 National Energy Modeling System run ref2020.d112119a.

Sheet BGBSC
A1: Unit: MW | B1: 2020 | C1: 2021 | D1: 2022 | E1: 2023 | F1: 2024 | G1: 2025 | H1: 2026 | I1: 2027 | J1: 2028 | K1: 2029 | L1: 2030 | M1: 2031 | N1: 2032 | O1: 2033 | P1: 2034 | Q1: 2035 | R1: 2036 | S1: 2037 | T1: 2038 | U1: 2039 | V1: 2040 | W1: 2041 | X1: 2042 | Y1: 2043 | Z1: 2044 | AA1: 2045 | AB1: 2046 | AC1: 2047 | AD1: 2048 | AE1: 2049 | AF1: 2050
A2: BAU Grid Battery Storage Capacity | B2: 0 | C2: 0 | D2: 0 | E2: 0 | F2: 0 | G2: 0 | H2: 0 | I2: 0 | J2: 0 | K2: 0 | L2: 0 | M2: 0 | N2: 0 | O2: 0 | P2: 0 | Q2: 0 | R2: 0 | S2: 0 | T2: 0 | U2: 0 | V2: 0 | W2: 0 | X2: 0 | Y2: 0 | Z2: 0 | AA2: 0 | AB2: 0 | AC2: 0 | AD2: 0 | AE2: 0 | AF2: 0

Sheet PAGBSC
A1: Unit: MW | B1: 2020 | C1: 2021 | D1: 2022 | E1: 2023 | F1: 2024 | G1: 2025 | H1: 2026 | I1: 2027 | J1: 2028 | K1: 2029 | L1: 2030 | M1: 2031 | N1: 2032 | O1: 2033 | P1: 2034 | Q1: 2035 | R1: 2036 | S1: 2037 | T1: 2038 | U1: 2039 | V1: 2040 | W1: 2041 | X1: 2042 | Y1: 2043 | Z1: 2044 | AA1: 2045 | AB1: 2046 | AC1: 2047 | AD1: 2048 | AE1: 2049 | AF1: 2050
A2: Potential Additional Grid Battery Storage Capacity | B2: 0 | C2: 0 | D2: 0 | E2: ='2035 Report Deployment'!F6-BGBSC!E2 -> 11804.687 | F2: ='2035 Report Deployment'!G6-BGBSC!F2 -> 17565.83 | G2: ='2035 Report Deployment'!H6-BGBSC!G2 -> 26476.519 | H2: ='2035 Report Deployment'!I6-BGBSC!H2 -> 33859.744 | I2: ='2035 Report Deployment'!J6-BGBSC!I2 -> 40566.781 | J2: ='2035 Report Deployment'!K6-BGBSC!J2 -> 47273.819 | K2: ='2035 Report Deployment'!L6-BGBSC!K2 -> 57898.606 | L2: ='2035 Report Deployment'!M6-BGBSC!L2 -> 82228.073 | ... AF2: ='2035 Report Deployment'!AG6-BGBSC!AF2 -> 511423.52

Sheet SYGBSC
A1: Unit: MW | B1: Battery Storage Capacity
A2: Start Year | B2: ='AEO Table 9 (2020)'!C23*gigwatts_to_megawatts -> 1370.2
