Workbook

Sheet About
A1: BPHC BAU Pumped Hydro Capacity
A3: Source: | B3: Energy Information Administration
B4: 2018
B5: Annual Energy Outlook 2018
B6: http://www.eia.gov/forecasts/aeo/excel/aeotab_9.xlsx
B7: Table 9, Row "Pumped Storage"

Sheet AEO Table 9
B1: ref2018.d121317a | C1: 2020 | D1: 2021 | E1: 2022 | F1: 2023 | G1: 2024 | H1: 2025 | I1: 2026 | J1: 2027 | K1: 2028 | L1: 2029 | M1: 2030 | N1: 2031 | O1: 2032 | P1: 2033 | Q1: 2034 | R1: 2035 | S1: 2036 | T1: 2037 | U1: 2038 | V1: 2039 | W1: 2040 | X1: 2041 | Y1: 2042 | Z1: 2043 | AA1: 2045 | AB1: 2046 | AC1: 2047 | AD1: 2048 | AE1: 2049 | AF1: 2050 | AG1: 2050
C3: Report | D3: Annual Energy Outlook 2018
C4: Scenario | D4: ref2018 | G4: Reference case
C5: Datekey | D5: d121317a
C6: Release Date | E6: 44197
A10: EGC000 | B10: 9. Electricity Generating Capacity
B11: (gigawatts)
AG12: 2017-
B13: Net Summer Capacity 1/ | C13: 2020 | D13: 2021 | E13: 2022 | F13: 2023 | G13: 2024 | H13: 2025 | I13: 2026 | J13: 2027 | K13: 2028 | L13: 2029 | M13: 2030 | N13: 2031 | O13: 2032 | P13: 2033 | Q13: 2034 | R13: 2035 | S13: 2036 | T13: 2037 | U13: 2038 | V13: 2039 | W13: 2040 | X13: 2041 | Y13: 2042 | Z13: 2043 | AA13: 2045 | AB13: 2046 | AC13: 2047 | AD13: 2048 | AE13: 2049 | AF13: 2050 | AG13: 2050
B15: Electric Power Sector 2/
B16: Power Only 3/
A17: EGC000:ba_CoalSteam | B17: Coal 4/ | C17: 217.3 | D17: 212.9 | E17: 208.2 | F17: 188.3 | G17: 176.8 | H17: 136 | I17: 131.6 | J17: 125.5 | K17: 122.9 | L17: 120.5 | M17: 117.9 | N17: 116.5 | O17: 114.5 | P17: 113.3 | Q17: 112.7 | R17: 110.5 | S17: 110.5 | T17: 109.3 | U17: 106.2 | V17: 105.4 | W17: 105.4 | X17: 105.1 | Y17: 105.1 | Z17: 105.1 | AA17: 105.1 | AB17: 102.6 | AC17: 102.6 | AD17: 102.1 | AE17: 102.1 | AF17: 102.1 | AG17: 102.1 | AH17: -0.025
A18: EGC000:ba_OtherFossilSt | B18: Oil and Natural Gas Steam 4, 5/ | C18: 72.6 | D18: 71.5 | E18: 66.6 | F18: 61.9 | G18: 56.5 | H18: 56.3 | I18: 52 | J18: 51.5 | K18: 49.5 | L18: 47.5 | M18: 47 | N18: 45.3 | O18: 45.1 | P18: 44.2 | Q18: 43.7 | R18: 42.7 | S18: 42.7 | T18: 43.4 | U18: 43.4 | V18: 43.4 | W18: 43.4 | X18: 43.4 | Y18: 43.4 | Z18: 43.4 | AA18: 43.3 | AB18: 43.3 | AC18: 43.3 | AD18: 43.3 | AE18: 43.3 | AF18: 43.3 | AG18: 43.3 | AH18: -0.017
A19: EGC000:ba_CombinedCycle | B19: Combined Cycle | C19: 245.4 | D19: 248.7 | E19: 261.3 | F19: 264.7 | G19: 268.7 | H19: 282.7 | I19: 295.2 | J19: 301 | K19: 304.3 | L19: 307.3 | M19: 308.4 | N19: 313 | O19: 317.6 | P19: 321 | Q19: 324.9 | R19: 329.1 | S19: 332.3 | T19: 336.5 | U19: 340.4 | V19: 342.8 | W19: 348 | X19: 351.3 | Y19: 353.6 | Z19: 359.4 | AA19: 363.6 | AB19: 367.8 | AC19: 370.8 | AD19: 375.4 | AE19: 380.8 | AF19: 388.6 | AG19: 394.7 | AH19: 0.016
A20: EGC000:ba_CombustionTur | B20: Combustion Turbine/Diesel | C20: 140 | D20: 151.4 | E20: 157.5 | F20: 163.4 | G20: 167.7 | H20: 179.7 | I20: 184.2 | J20: 188.9 | K20: 192 | L20: 195 | M20: 197.2 | N20: 200.9 | O20: 203.1 | P20: 206 | Q20: 210.8 | R20: 215.3 | S20: 219.7 | T20: 225.1 | U20: 229.1 | V20: 235.6 | W20: 239.1 | X20: 243.5 | Y20: 250.7 | Z20: 259.8 | AA20: 265.3 | AB20: 271.4 | AC20: 276.6 | AD20: 282.9 | AE20: 291.9 | AF20: 297.9 | AG20: 304.3 | AH20: 0.026
A21: EGC000:ba_NuclearPower | B21: Nuclear Power 6/ | C21: 97.1 | D21: 92.5 | E21: 92.9 | F21: 92.9 | G21: 93 | H21: 91.9 | I21: 80.7 | J21: 78.8 | K21: 78.8 | L21: 76.8 | M21: 76.9 | N21: 77 | O21: 77.1 | P21: 76.1 | Q21: 74.1 | R21: 74.3 | S21: 73.5 | T21: 73.5 | U21: 73.6 | V21: 73.6 | W21: 72.4 | X21: 72.6 | Y21: 72.7 | Z21: 72.8 | AA21: 72.9 | AB21: 73 | AC21: 73.1 | AD21: 72.2 | AE21: 72.2 | AF21: 72.2 | AG21: 72.3 | AH21: -0.01
A22: EGC000:ba_PumpedStorage | B22: Pumped Storage | C22: 22.8 | D22: 22.8 | E22: 22.8 | F22: 22.8 | G22: 22.8 | H22: 22.8 | I22: 22.8 | J22: 22.8 | K22: 22.8 | L22: 22.8 | M22: 22.8 | N22: 22.8 | O22: 22.8 | P22: 22.8 | Q22: 22.8 | R22: 22.8 | S22: 22.8 | T22: 22.8 | U22: 22.8 | V22: 22.8 | W22: 22.8 | X22: 22.8 | Y22: 22.8 | Z22: 22.8 | AA22: 22.8 | AB22: 22.8 | AC22: 22.8 | AD22: 22.8 | AE22: 22.8 | AF22: 22.8 | AG22: 22.8 | AH22: 0
A23: EGC000:ba_DiurnalStorag | B23: Diurnal Storage | C23: 3.2 | D23: 6.9 | E23: 8.6 | F23: 9.5 | G23: 10.2 | H23: 10.6 | I23: 11 | J23: 11.6 | K23: 12 | L23: 12.4 | M23: 12.8 | N23: 12.8 | O23: 12.9 | P23: 12.9 | Q23: 13 | R23: 16 | S23: 16.1 | T23: 16.1 | U23: 16.1 | V23: 16.1 | W23: 16.4 | X23: 16.6 | Y23: 16.6 | Z23: 17.1 | AA23: 17.4 | AB23: 17.7 | AC23: 19.4 | AD23: 19.6 | AE23: 19.9 | AF23: 20.4 | AG23: 20.6 | AH23: 0.065
A24: EGC000:ba_FuelCells | B24: Fuel Cells | C24: 0.2 | D24: 0.2 | E24: 0.2 | F24: 0.2 | G24: 0.2 | H24: 0.2 | I24: 0.2 | J24: 0.2 | K24: 0.2 | L24: 0.2 | M24: 0.2 | N24: 0.2 | O24: 0.2 | P24: 0.2 | Q24: 0.2 | R24: 0.2 | S24: 0.2 | T24: 0.2 | U24: 0.2 | V24: 0.2 | W24: 0.2 | X24: 0.2 | Y24: 0.2 | Z24: 0.2 | AA24: 0.2 | AB24: 0.2 | AC24: 0.2 | AD24: 0.2 | AE24: 0.2 | AF24: 0.2 | AG24: 0.2 | AH24: 0.004
A25: EGC000:ba_RenewableSour | B25: Renewable Sources 7/ | C25: 263.9 | D25: 283.7 | E25: 302.7 | F25: 335.4 | G25: 379.1 | H25: 397.7 | I25: 418.7 | J25: 435.5 | K25: 445.5 | L25: 460.5 | M25: 476.2 | N25: 485 | O25: 496.5 | P25: 507.4 | Q25: 520.4 | R25: 539.4 | S25: 547.1 | T25: 555.2 | U25: 564.7 | V25: 570 | W25: 576 | X25: 587.2 | Y25: 593.3 | Z25: 601 | AA25: 610.7 | AB25: 624.7 | AC25: 639.7 | AD25: 655.8 | AE25: 664.1 | AF25: 676.4 | AG25: 688.2 | AH25: 0.032
A26: EGC000:ba_DistributedGe | B26: Distributed Generation (Natural Gas) 8/ | C26: 0 | D26: 0 | E26: 1.1 | F26: 1.5 | G26: 2 | H26: 2.8 | I26: 3.3 | J26: 3.8 | K26: 4.4 | L26: 5.1 | M26: 5.8 | N26: 6.5 | O26: 7.3 | P26: 8.1 | Q26: 8.9 | R26: 9.8 | S26: 10.9 | T26: 12.2 | U26: 13.4 | V26: 14.7 | W26: 16.1 | X26: 17.4 | Y26: 18.9 | Z26: 20.4 | AA26: 22 | AB26: 23.6 | AC26: 25.3 | AD26: 27.1 | AE26: 28.9 | AF26: 30.9 | AG26: 33 | AH26: --
A27: EGC000:ba_Total | B27: Total | C27: 1062.6 | D27: 1090.6 | E27: 1121.9 | F27: 1140.8 | G27: 1176.9 | H27: 1180.7 | I27: 1199.8 | J27: 1219.5 | K27: 1232.5 | L27: 1248 | M27: 1265.2 | N27: 1280 | O27: 1296.9 | P27: 1312 | Q27: 1331.4 | R27: 1360.2 | S27: 1375.8 | T27: 1394.3 | U27: 1410 | V27: 1424.6 | W27: 1440 | X27: 1460.1 | Y27: 1477.4 | Z27: 1502.1 | AA27: 1523.3 | AB27: 1547.2 | AC27: 1573.8 | AD27: 1601.3 | AE27: 1626.4 | AF27: 1654.8 | AG27: 1681.5 | AH27: 0.015
B28: Combined Heat and Power 9/
A29: EGC000:ca_CoalSteam | B29: Coal | C29: 1.9 | D29: 1.8 | E29: 1.8 | F29: 1.8 | G29: 1.8 | H29: 1.8 | I29: 1.8 | J29: 1.8 | K29: 1.8 | L29: 1.8 | M29: 1.8 | N29: 1.8 | O29: 1.8 | P29: 1.8 | Q29: 1.8 | R29: 1.8 | S29: 1.8 | T29: 1.8 | U29: 1.8 | V29: 1.8 | W29: 1.8 | X29: 1.8 | Y29: 1.8 | Z29: 1.8 | AA29: 1.8 | AB29: 1.8 | AC29: 1.8 | AD29: 1.8 | AE29: 1.8 | AF29: 1.8 | AG29: 1.8 | AH29: -0.002
A30: EGC000:ca_OtherFossilSt | B30: Oil and Natural Gas Steam 5/ | C30: 0.6 | D30: 0.6 | E30: 0.6 | F30: 0.6 | G30: 0.6 | H30: 0.6 | I30: 0.6 | J30: 0.6 | K30: 0.6 | L30: 0.6 | M30: 0.6 | N30: 0.6 | O30: 0.6 | P30: 0.6 | Q30: 0.6 | R30: 0.6 | S30: 0.6 | T30: 0.6 | U30: 0.6 | V30: 0.6 | W30: 0.6 | X30: 0.6 | Y30: 0.6 | Z30: 0.6 | AA30: 0.6 | AB30: 0.6 | AC30: 0.6 | AD30: 0.6 | AE30: 0.6 | AF30: 0.6 | AG30: 0.6 | AH30: 0
A31: EGC000:ca_CombinedCycle | B31: Combined Cycle | C31: 22 | D31: 22 | E31: 22 | F31: 21.8 | G31: 21.8 | H31: 21.8 | I31: 21.8 | J31: 21.8 | K31: 21.8 | L31: 21.8 | M31: 21.8 | N31: 21.8 | O31: 21.8 | P31: 21.8 | Q31: 21.8 | R31: 21.8 | S31: 21.8 | T31: 21.8 | U31: 21.8 | V31: 21.8 | W31: 21.8 | X31: 21.8 | Y31: 21.8 | Z31: 21.8 | AA31: 21.8 | AB31: 21.8 | AC31: 21.8 | AD31: 21.8 | AE31: 21.8 | AF31: 21.8 | AG31: 21.8 | AH31: 0
A32: EGC000:ca_CombustionTur | B32: Combustion Turbine/Diesel | C32: 3.1 | D32: 3.1 | E32: 3.1 | F32: 3.1 | G32: 3.1 | H32: 3.1 | I32: 3.1 | J32: 3.1 | K32: 3.1 | L32: 3.1 | M32: 3.1 | N32: 3.1 | O32: 3.1 | P32: 3.1 | Q32: 3.1 | R32: 3.1 | S32: 3.1 | T32: 3.1 | U32: 3.1 | V32: 3.1 | W32: 3.1 | X32: 3.1 | Y32: 3.1 | Z32: 3.1 | AA32: 3.1 | AB32: 3.1 | AC32: 3.1 | AD32: 3.1 | AE32: 3.1 | AF32: 3.1 | AG32: 3.1 | AH32: 0
A33: EGC000:ca_RenewableSour | B33: Renewable Sources 7/ | C33: 1 | D33: 1 | E33: 1 | F33: 1 | G33: 1 | H33: 1 | I33: 1 | J33: 1 | K33: 1 | L33: 1 | M33: 1 | N33: 1 | O33: 1 | P33: 1 | Q33: 1 | R33: 1 | S33: 1 | T33: 1 | U33: 1 | V33: 1 | W33: 1 | X33: 1 | Y33: 1 | Z33: 1 | AA33: 1 | AB33: 1 | AC33: 1 | AD33: 1 | AE33: 1 | AF33: 1 | AG33: 1 | AH33: 0
A34: EGC000:ca_Total | B34: Total | C34: 28.6 | D34: 28.5 | E34: 28.5 | F34: 28.3 | G34: 28.3 | H34: 28.3 | I34: 28.3 | J34: 28.3 | K34: 28.3 | L34: 28.3 | M34: 28.3 | N34: 28.3 | O34: 28.3 | P34: 28.3 | Q34: 28.3 | R34: 28.3 | S34: 28.3 | T34: 28.3 | U34: 28.3 | V34: 28.3 | W34: 28.3 | X34: 28.3 | Y34: 28.3 | Z34: 28.3 | AA34: 28.3 | AB34: 28.3 | AC34: 28.3 | AD34: 28.3 | AE34: 28.3 | AF34: 28.3 | AG34: 28.3 | AH34: 0
B36: Cumulative Planned Additions 10/
A37: EGC000:da_CoalSteam | B37: Coal | C37: -- | D37: 0 | E37: 0 | F37: 0 | G37: 0 | H37: 0 | I37: 0 | J37: 0 | K37: 0 | L37: 0 | M37: 0 | N37: 0 | O37: 0 | P37: 0 | Q37: 0 | R37: 0 | S37: 0 | T37: 0 | U37: 0 | V37: 0 | W37: 0 | X37: 0 | Y37: 0 | Z37: 0 | AA37: 0 | AB37: 0 | AC37: 0 | AD37: 0 | AE37: 0 | AF37: 0 | AG37: 0 | AH37: --
A38: EGC000:da_OtherFossilSt | B38: Oil and Natural Gas Steam 5/ | C38: -- | D38: 0 | E38: 0 | F38: 0 | G38: 0 | H38: 0 | I38: 0 | J38: 0 | K38: 0 | L38: 0 | M38: 0 | N38: 0 | O38: 0 | P38: 0 | Q38: 0 | R38: 0 | S38: 0 | T38: 0 | U38: 0 | V38: 0 | W38: 0 | X38: 0 | Y38: 0 | Z38: 0 | AA38: 0 | AB38: 0 | AC38: 0 | AD38: 0 | AE38: 0 | AF38: 0 | AG38: 0 | AH38: --
A39: EGC000:da_CombinedCycle | B39: Combined Cycle | C39: -- | D39: 3.4 | E39: 17 | F39: 17 | G39: 17 | H39: 17 | I39: 17 | J39: 17 | K39: 17 | L39: 17 | M39: 17 | N39: 17 | O39: 17 | P39: 17 | Q39: 17 | R39: 17 | S39: 17 | T39: 17 | U39: 17 | V39: 17 | W39: 17 | X39: 17 | Y39: 17 | Z39: 17 | AA39: 17 | AB39: 17 | AC39: 17 | AD39: 17 | AE39: 17 | AF39: 17 | AG39: 17 | AH39: --
A40: EGC000:da_CombustionTur | B40: Combustion Turbine/Diesel | C40: -- | D40: 3.3 | E40: 4 | F40: 4 | G40: 4.5 | H40: 4.5 | I40: 4.5 | J40: 4.5 | K40: 4.5 | L40: 4.5 | M40: 4.5 | N40: 4.5 | O40: 4.5 | P40: 4.5 | Q40: 4.5 | R40: 4.5 | S40: 4.5 | T40: 4.5 | U40: 4.5 | V40: 4.5 | W40: 4.5 | X40: 4.5 | Y40: 4.5 | Z40: 4.5 | AA40: 4.5 | AB40: 4.5 | AC40: 4.5 | AD40: 4.5 | AE40: 4.5 | AF40: 4.5 | AG40: 4.5 | AH40: --
A41: EGC000:da_NuclearPower | B41: Nuclear Power | C41: -- | D41: 1.1 | E41: 2.2 | F41: 2.2 | G41: 2.2 | H41: 2.2 | I41: 2.2 | J41: 2.2 | K41: 2.2 | L41: 2.2 | M41: 2.2 | N41: 2.2 | O41: 2.2 | P41: 2.2 | Q41: 2.2 | R41: 2.2 | S41: 2.2 | T41: 2.2 | U41: 2.2 | V41: 2.2 | W41: 2.2 | X41: 2.2 | Y41: 2.2 | Z41: 2.2 | AA41: 2.2 | AB41: 2.2 | AC41: 2.2 | AD41: 2.2 | AE41: 2.2 | AF41: 2.2 | AG41: 2.2 | AH41: --
A42: EGC000:da_PumpedStorage | B42: Pumped Storage | C42: -- | D42: 0 | E42: 0 | F42: 0 | G42: 0 | H42: 0 | I42: 0 | J42: 0 | K42: 0 | L42: 0 | M42: 0 | N42: 0 | O42: 0 | P42: 0 | Q42: 0 | R42: 0 | S42: 0 | T42: 0 | U42: 0 | V42: 0 | W42: 0 | X42: 0 | Y42: 0 | Z42: 0 | AA42: 0 | AB42: 0 | AC42: 0 | AD42: 0 | AE42: 0 | AF42: 0 | AG42: 0 | AH42: --
A43: EGC000:da_DiurnalStorag | B43: Diurnal Storage | C43: -- | D43: 3.8 | E43: 5.5 | F43: 6.4 | G43: 7 | H43: 7.5 | I43: 7.9 | J43: 8.3 | K43: 8.7 | L43: 9.1 | M43: 9.5 | N43: 9.5 | O43: 9.5 | P43: 9.5 | Q43: 9.5 | R43: 12.5 | S43: 12.5 | T43: 12.5 | U43: 12.5 | V43: 12.5 | W43: 12.7 | X43: 12.7 | Y43: 12.7 | Z43: 12.7 | AA43: 12.7 | AB43: 13 | AC43: 13 | AD43: 13 | AE43: 13 | AF43: 13 | AG43: 13 | AH43: --
A44: EGC000:da_FuelCells | B44: Fuel Cells | C44: -- | D44: 0 | E44: 0 | F44: 0 | G44: 0 | H44: 0 | I44: 0 | J44: 0 | K44: 0 | L44: 0 | M44: 0 | N44: 0 | O44: 0 | P44: 0 | Q44: 0 | R44: 0 | S44: 0 | T44: 0 | U44: 0 | V44: 0 | W44: 0 | X44: 0 | Y44: 0 | Z44: 0 | AA44: 0 | AB44: 0 | AC44: 0 | AD44: 0 | AE44: 0 | AF44: 0 | AG44: 0 | AH44: --
A45: EGC000:da_RenewableSour | B45: Renewable Sources 7/ | C45: -- | D45: 19.7 | E45: 29.9 | F45: 32.9 | G45: 33.4 | H45: 33.4 | I45: 33.4 | J45: 33.4 | K45: 35.4 | L45: 35.4 | M45: 42.5 | N45: 42.5 | O45: 42.5 | P45: 42.5 | Q45: 47.7 | R45: 55.9 | S45: 55.9 | T45: 55.9 | U45: 55.9 | V45: 55.9 | W45: 55.9 | X45: 55.9 | Y45: 55.9 | Z45: 55.9 | AA45: 55.9 | AB45: 55.9 | AC45: 55.9 | AD45: 55.9 | AE45: 55.9 | AF45: 55.9 | AG45: 55.9 | AH45: --
A46: EGC000:da_DistributedGe | B46: Distributed Generation 8/ | C46: -- | D46: 0 | E46: 0 | F46: 0 | G46: 0 | H46: 0 | I46: 0 | J46: 0 | K46: 0 | L46: 0 | M46: 0 | N46: 0 | O46: 0 | P46: 0 | Q46: 0 | R46: 0 | S46: 0 | T46: 0 | U46: 0 | V46: 0 | W46: 0 | X46: 0 | Y46: 0 | Z46: 0 | AA46: 0 | AB46: 0 | AC46: 0 | AD46: 0 | AE46: 0 | AF46: 0 | AG46: 0 | AH46: --
A47: EGC000:da_Total | B47: Total | C47: -- | D47: 31.2 | E47: 58.7 | F47: 62.5 | G47: 64.2 | H47: 64.7 | I47: 65.1 | J47: 65.5 | K47: 67.9 | L47: 68.3 | M47: 75.8 | N47: 75.8 | O47: 75.8 | P47: 75.8 | Q47: 81 | R47: 92.2 | S47: 92.2 | T47: 92.2 | U47: 92.2 | V47: 92.2 | W47: 92.4 | X47: 92.4 | Y47: 92.4 | Z47: 92.4 | AA47: 92.4 | AB47: 92.7 | AC47: 92.7 | AD47: 92.7 | AE47: 92.7 | AF47: 92.7 | AG47: 92.7 | AH47: --
B48: Cumulative Unplanned Additions 10/
A49: EGC000:ea_CoalSteam | B49: Coal | C49: -- | D49: 0 | E49: 0 | F49: 0 | G49: 0 | H49: 0 | I49: 0 | J49: 0 | K49: 0 | L49: 0 | M49: 0 | N49: 0 | O49: 0 | P49: 0 | Q49: 0 | R49: 0 | S49: 0 | T49: 0 | U49: 0 | V49: 0 | W49: 0 | X49: 0 | Y49: 0 | Z49: 0 | AA49: 0 | AB49: 0 | AC49: 0 | AD49: 0 | AE49: 0 | AF49: 0 | AG49: 0 | AH49: --
A50: EGC000:ea_OtherFossilSt | B50: Oil and Natural Gas Steam 5/ | C50: -- | D50: 0 | E50: 0 | F50: 0 | G50: 0 | H50: 0 | I50: 0 | J50: 0 | K50: 0 | L50: 0 | M50: 0 | N50: 0 | O50: 0 | P50: 0 | Q50: 0 | R50: 0 | S50: 0 | T50: 0 | U50: 0 | V50: 0 | W50: 0 | X50: 0 | Y50: 0 | Z50: 0 | AA50: 0 | AB50: 0 | AC50: 0 | AD50: 0 | AE50: 0 | AF50: 0 | AG50: 0 | AH50: --
A51: EGC000:ea_CombinedCycle | B51: Combined Cycle | C51: -- | D51: 0 | E51: 0 | F51: 4.8 | G51: 10 | H51: 25.5 | I51: 38.1 | J51: 44.3 | K51: 47.7 | L51: 50.7 | M51: 52.4 | N51: 58.3 | O51: 62.8 | P51: 66.3 | Q51: 70.2 | R51: 74.4 | S51: 77.6 | T51: 81.7 | U51: 86.4 | V51: 89.3 | W51: 94.7 | X51: 98.1 | Y51: 101 | Z51: 106.8 | AA51: 111.3 | AB51: 116.4 | AC51: 120 | AD51: 124.6 | AE51: 130.3 | AF51: 138 | AG51: 144.2 | AH51: --
A52: EGC000:ea_CombustionTur | B52: Combustion Turbine/Diesel | C52: -- | D52: 8.1 | E52: 13.5 | F52: 20 | G52: 24.3 | H52: 36.5 | I52: 41.5 | J52: 46.8 | K52: 49.9 | L52: 52.9 | M52: 55.5 | N52: 59.3 | O52: 61.6 | P52: 64.6 | Q52: 69.3 | R52: 73.9 | S52: 78.3 | T52: 83.7 | U52: 87.7 | V52: 94.2 | W52: 97.7 | X52: 102.3 | Y52: 109.6 | Z52: 118.6 | AA52: 124.1 | AB52: 130.3 | AC52: 135.5 | AD52: 141.8 | AE52: 150.9 | AF52: 156.8 | AG52: 163.2 | AH52: --
A53: EGC000:ea_NuclearPower | B53: Nuclear Power | C53: -- | D53: 0 | E53: 0 | F53: 0 | G53: 0 | H53: 0 | I53: 0 | J53: 0 | K53: 0 | L53: 0 | M53: 0 | N53: 0 | O53: 0 | P53: 0 | Q53: 0 | R53: 0 | S53: 0 | T53: 0 | U53: 0 | V53: 0 | W53: 0 | X53: 0 | Y53: 0 | Z53: 0 | AA53: 0 | AB53: 0 | AC53: 0 | AD53: 0 | AE53: 0 | AF53: 0 | AG53: 0 | AH53: --
A54: EGC000:ea_PumpedStorage | B54: Pumped Storage | C54: -- | D54: 0 | E54: 0 | F54: 0 | G54: 0 | H54: 0 | I54: 0 | J54: 0 | K54: 0 | L54: 0 | M54: 0 | N54: 0 | O54: 0 | P54: 0 | Q54: 0 | R54: 0 | S54: 0 | T54: 0 | U54: 0 | V54: 0 | W54: 0 | X54: 0 | Y54: 0 | Z54: 0 | AA54: 0 | AB54: 0 | AC54: 0 | AD54: 0 | AE54: 0 | AF54: 0 | AG54: 0 | AH54: --
A55: EGC000:ea_DiurnalStorag | B55: Diurnal Storage | C55: -- | D55: 0 | E55: 0 | F55: 0 | G55: 0 | H55: 0 | I55: 0 | J55: 0.1 | K55: 0.1 | L55: 0.1 | M55: 0.1 | N55: 0.1 | O55: 0.2 | P55: 0.2 | Q55: 0.3 | R55: 0.4 | S55: 0.5 | T55: 0.5 | U55: 0.5 | V55: 0.5 | W55: 0.6 | X55: 0.7 | Y55: 0.7 | Z55: 1.3 | AA55: 1.6 | AB55: 1.6 | AC55: 3.3 | AD55: 3.5 | AE55: 3.8 | AF55: 4.3 | AG55: 4.5 | AH55: --
A56: EGC000:ea_FuelCells | B56: Fuel Cells | C56: -- | D56: 0 | E56: 0 | F56: 0 | G56: 0 | H56: 0 | I56: 0 | J56: 0 | K56: 0 | L56: 0 | M56: 0 | N56: 0 | O56: 0 | P56: 0 | Q56: 0 | R56: 0 | S56: 0 | T56: 0 | U56: 0 | V56: 0 | W56: 0 | X56: 0 | Y56: 0 | Z56: 0 | AA56: 0 | AB56: 0 | AC56: 0 | AD56: 0 | AE56: 0 | AF56: 0 | AG56: 0 | AH56: --
A57: EGC000:ea_RenewableSour | B57: Renewable Sources 7/ | C57: -- | D57: 0.1 | E57: 8.9 | F57: 38.7 | G57: 81.8 | H57: 100.4 | I57: 121.4 | J57: 138.2 | K57: 146.4 | L57: 161.5 | M57: 170.1 | N57: 178.8 | O57: 190.4 | P57: 201.3 | Q57: 209.1 | R57: 219.9 | S57: 227.6 | T57: 235.7 | U57: 245.2 | V57: 250.4 | W57: 256.5 | X57: 267.7 | Y57: 273.8 | Z57: 281.5 | AA57: 291.2 | AB57: 305.2 | AC57: 320.2 | AD57: 336.4 | AE57: 344.7 | AF57: 357 | AG57: 368.8 | AH57: --
A58: EGC000:ea_DistributedGe | B58: Distributed Generation 8/ | C58: -- | D58: 0 | E58: 1.1 | F58: 1.5 | G58: 2 | H58: 2.8 | I58: 3.3 | J58: 3.8 | K58: 4.4 | L58: 5.1 | M58: 5.8 | N58: 6.5 | O58: 7.3 | P58: 8.1 | Q58: 8.9 | R58: 9.8 | S58: 10.9 | T58: 12.2 | U58: 13.4 | V58: 14.7 | W58: 16.1 | X58: 17.4 | Y58: 18.9 | Z58: 20.4 | AA58: 22 | AB58: 23.6 | AC58: 25.3 | AD58: 27.1 | AE58: 28.9 | AF58: 30.9 | AG58: 33 | AH58: --
A59: EGC000:ea_Total | B59: Total | C59: -- | D59: 8.2 | E59: 23.5 | F59: 65 | G59: 118.1 | H59: 165.2 | I59: 204.3 | J59: 233.2 | K59: 248.6 | L59: 270.3 | M59: 283.9 | N59: 303 | O59: 322.4 | P59: 340.4 | Q59: 357.8 | R59: 378.5 | S59: 394.9 | T59: 413.8 | U59: 433.2 | V59: 449.2 | W59: 465.6 | X59: 486.2 | Y59: 504 | Z59: 528.6 | AA59: 550.2 | AB59: 577.2 | AC59: 604.3 | AD59: 633.3 | AE59: 658.6 | AF59: 687 | AG59: 713.7 | AH59: --
A60: EGC000:ea_CumulativeEle | B60: Cumulative Electric Power Sector Additions 10 | C60: -- | D60: 39.4 | E60: 82.2 | F60: 127.5 | G60: 182.3 | H60: 229.9 | I60: 269.4 | J60: 298.6 | K60: 316.5 | L60: 338.6 | M60: 359.7 | N60: 378.8 | O60: 398.2 | P60: 416.2 | Q60: 438.8 | R60: 470.6 | S60: 487 | T60: 506 | U60: 525.4 | V60: 541.3 | W60: 558 | X60: 578.7 | Y60: 596.4 | Z60: 621 | AA60: 642.6 | AB60: 669.9 | AC60: 697 | AD60: 726 | AE60: 751.3 | AF60: 779.7 | AG60: 806.3 | AH60: --
B62: Cumulative Retirements 11/
A63: EGC000:fa_CoalSteam | B63: Coal | C63: -- | D63: 4.5 | E63: 9.2 | F63: 29.1 | G63: 40.2 | H63: 78.1 | I63: 82.5 | J63: 88.5 | K63: 91.1 | L63: 93.6 | M63: 96.1 | N63: 97.6 | O63: 99.6 | P63: 100.8 | Q63: 101.4 | R63: 103.6 | S63: 103.6 | T63: 103.9 | U63: 107 | V63: 107.8 | W63: 107.8 | X63: 108.1 | Y63: 108.1 | Z63: 108.1 | AA63: 108.1 | AB63: 110.6 | AC63: 110.6 | AD63: 111.1 | AE63: 111.1 | AF63: 111.1 | AG63: 111.1 | AH63: --
A64: EGC000:fa_OtherFossilSt | B64: Oil and Natural Gas Steam 5/ | C64: -- | D64: 1.2 | E64: 6 | F64: 10.7 | G64: 16.5 | H64: 19.7 | I64: 24 | J64: 24.5 | K64: 26.5 | L64: 28.5 | M64: 29 | N64: 30.7 | O64: 30.9 | P64: 31.8 | Q64: 32.3 | R64: 33.3 | S64: 33.3 | T64: 33.4 | U64: 33.4 | V64: 33.4 | W64: 33.4 | X64: 33.4 | Y64: 33.4 | Z64: 33.4 | AA64: 33.5 | AB64: 33.5 | AC64: 33.5 | AD64: 33.5 | AE64: 33.5 | AF64: 33.5 | AG64: 33.5 | AH64: --
A65: EGC000:fa_CombinedCycle | B65: Combined Cycle | C65: -- | D65: 0.1 | E65: 1.1 | F65: 2.7 | G65: 3.8 | H65: 5.4 | I65: 5.5 | J65: 5.9 | K65: 6 | L65: 6 | M65: 6.6 | N65: 7.9 | O65: 7.9 | P65: 7.9 | Q65: 7.9 | R65: 7.9 | S65: 7.9 | T65: 7.9 | U65: 8.6 | V65: 9.1 | W65: 9.3 | X65: 9.4 | Y65: 10 | Z65: 10 | AA65: 10.3 | AB65: 11.2 | AC65: 11.8 | AD65: 11.8 | AE65: 12.1 | AF65: 12.1 | AG65: 12.1 | AH65: --
A66: EGC000:fa_CombustionTur | B66: Combustion Turbine/Diesel | C66: -- | D66: 0 | E66: 0.1 | F66: 0.7 | G66: 1.2 | H66: 1.3 | I66: 1.9 | J66: 2.5 | K66: 2.5 | L66: 2.5 | M66: 2.9 | N66: 2.9 | O66: 3.1 | P66: 3.1 | Q66: 3.1 | R66: 3.1 | S66: 3.1 | T66: 3.1 | U66: 3.1 | V66: 3.1 | W66: 3.1 | X66: 3.3 | Y66: 3.4 | Z66: 3.4 | AA66: 3.4 | AB66: 3.5 | AC66: 3.5 | AD66: 3.5 | AE66: 3.5 | AF66: 3.5 | AG66: 3.5 | AH66: --
A67: EGC000:fa_NuclearPower | B67: Nuclear Power | C67: -- | D67: 5.7 | E67: 6.5 | F67: 6.5 | G67: 6.5 | H67: 7.6 | I67: 18.9 | J67: 20.8 | K67: 20.8 | L67: 22.9 | M67: 22.9 | N67: 22.9 | O67: 22.9 | P67: 23.9 | Q67: 26.1 | R67: 26.1 | S67: 27 | T67: 27 | U67: 27 | V67: 27 | W67: 28.1 | X67: 28.1 | Y67: 28.1 | Z67: 28.1 | AA67: 28.1 | AB67: 28.1 | AC67: 28.1 | AD67: 29.1 | AE67: 29.1 | AF67: 29.1 | AG67: 29.1 | AH67: --
A68: EGC000:fa_PumpedStorage | B68: Pumped Storage | C68: -- | D68: 0 | E68: 0 | F68: 0 | G68: 0 | H68: 0 | I68: 0 | J68: 0 | K68: 0 | L68: 0 | M68: 0 | N68: 0 | O68: 0 | P68: 0 | Q68: 0 | R68: 0 | S68: 0 | T68: 0 | U68: 0 | V68: 0 | W68: 0 | X68: 0 | Y68: 0 | Z68: 0 | AA68: 0 | AB68: 0 | AC68: 0 | AD68: 0 | AE68: 0 | AF68: 0 | AG68: 0 | AH68: --
A69: EGC000:fa_DiurnalStorag | B69: Diurnal Storage | C69: -- | D69: 0 | E69: 0 | F69: 0 | G69: 0 | H69: 0 | I69: 0 | J69: 0 | K69: 0 | L69: 0 | M69: 0 | N69: 0 | O69: 0 | P69: 0 | Q69: 0 | R69: 0 | S69: 0 | T69: 0 | U69: 0 | V69: 0 | W69: 0 | X69: 0 | Y69: 0 | Z69: 0 | AA69: 0 | AB69: 0 | AC69: 0 | AD69: 0 | AE69: 0 | AF69: 0 | AG69: 0 | AH69: --
A70: EGC000:fa_FuelCells | B70: Fuel Cells | C70: -- | D70: 0 | E70: 0 | F70: 0 | G70: 0 | H70: 0 | I70: 0 | J70: 0 | K70: 0 | L70: 0 | M70: 0 | N70: 0 | O70: 0 | P70: 0 | Q70: 0 | R70: 0 | S70: 0 | T70: 0 | U70: 0 | V70: 0 | W70: 0 | X70: 0 | Y70: 0 | Z70: 0 | AA70: 0 | AB70: 0 | AC70: 0 | AD70: 0 | AE70: 0 | AF70: 0 | AG70: 0 | AH70: --
A71: EGC000:fa_RenewableSour | B71: Renewable Sources 7/ | C71: -- | D71: 0 | E71: 0 | F71: 0 | G71: 0.1 | H71: 0.1 | I71: 0.1 | J71: 0.1 | K71: 0.2 | L71: 0.3 | M71: 0.3 | N71: 0.3 | O71: 0.3 | P71: 0.3 | Q71: 0.3 | R71: 0.3 | S71: 0.3 | T71: 0.3 | U71: 0.3 | V71: 0.3 | W71: 0.3 | X71: 0.3 | Y71: 0.3 | Z71: 0.3 | AA71: 0.4 | AB71: 0.4 | AC71: 0.4 | AD71: 0.4 | AE71: 0.4 | AF71: 0.4 | AG71: 0.4 | AH71: --
A72: EGC000:fa_Total | B72: Total | C72: -- | D72: 11.5 | E72: 23 | F72: 49.7 | G72: 68.4 | H72: 112.2 | I72: 132.7 | J72: 142.3 | K72: 147.1 | L72: 153.7 | M72: 157.8 | N72: 162.3 | O72: 164.7 | P72: 167.8 | Q72: 171.1 | R72: 174.2 | S72: 175.2 | T72: 175.6 | U72: 179.4 | V72: 180.7 | W72: 182.1 | X72: 182.8 | Y72: 183.4 | Z72: 183.4 | AA72: 183.8 | AB72: 187.3 | AC72: 187.9 | AD72: 189.4 | AE72: 189.7 | AF72: 189.7 | AG72: 189.7 | AH72: --
A74: EGC000:ga_TotalElectric | B74: Total Electric Power Sector Capacity | C74: 1091.2 | D74: 1119.1 | E74: 1150.5 | F74: 1169.1 | G74: 1205.2 | H74: 1209.1 | I74: 1228.1 | J74: 1247.8 | K74: 1260.8 | L74: 1276.3 | M74: 1293.5 | N74: 1308.3 | O74: 1325.3 | P74: 1340.3 | Q74: 1359.8 | R74: 1388.6 | S74: 1404.1 | T74: 1422.7 | U74: 1438.3 | V74: 1453 | W74: 1468.3 | X74: 1488.5 | Y74: 1505.7 | Z74: 1530.4 | AA74: 1551.6 | AB74: 1575.5 | AC74: 1602.1 | AD74: 1629.7 | AE74: 1654.7 | AF74: 1683.1 | AG74: 1709.9 | AH74: 0.015
B76: End-Use Generators 12/
A77: EGC000:ha_Coal | B77: Coal | C77: 1.9 | D77: 1.9 | E77: 1.9 | F77: 1.9 | G77: 1.9 | H77: 1.9 | I77: 1.9 | J77: 1.9 | K77: 1.9 | L77: 1.9 | M77: 1.9 | N77: 1.9 | O77: 1.9 | P77: 1.9 | Q77: 1.9 | R77: 1.9 | S77: 1.9 | T77: 1.9 | U77: 1.9 | V77: 1.9 | W77: 1.9 | X77: 1.9 | Y77: 1.9 | Z77: 1.9 | AA77: 1.9 | AB77: 1.9 | AC77: 1.9 | AD77: 1.8 | AE77: 1.8 | AF77: 1.8 | AG77: 1.8 | AH77: -0.002
A78: EGC000:ha_Petroleum | B78: Petroleum | C78: 0.6 | D78: 0.6 | E78: 0.6 | F78: 0.6 | G78: 0.6 | H78: 0.6 | I78: 0.6 | J78: 0.6 | K78: 0.6 | L78: 0.6 | M78: 0.6 | N78: 0.6 | O78: 0.6 | P78: 0.6 | Q78: 0.6 | R78: 0.6 | S78: 0.6 | T78: 0.6 | U78: 0.6 | V78: 0.6 | W78: 0.6 | X78: 0.6 | Y78: 0.6 | Z78: 0.6 | AA78: 0.6 | AB78: 0.6 | AC78: 0.6 | AD78: 0.6 | AE78: 0.6 | AF78: 0.6 | AG78: 0.6 | AH78: 0
A79: EGC000:ha_NaturalGas | B79: Natural Gas | C79: 17.8 | D79: 18.4 | E79: 18.7 | F79: 19 | G79: 19.3 | H79: 19.6 | I79: 19.9 | J79: 20.2 | K79: 20.5 | L79: 20.9 | M79: 21.2 | N79: 21.5 | O79: 21.8 | P79: 22.1 | Q79: 22.5 | R79: 22.8 | S79: 23.2 | T79: 23.5 | U79: 23.9 | V79: 24.3 | W79: 24.7 | X79: 25.1 | Y79: 25.5 | Z79: 26 | AA79: 26.5 | AB79: 27.1 | AC79: 27.7 | AD79: 28.4 | AE79: 29.1 | AF79: 29.9 | AG79: 30.8 | AH79: 0.018
A80: EGC000:ha_OtherGaseousF | B80: Other Gaseous Fuels 13/ | C80: 2.8 | D80: 2.9 | E80: 2.9 | F80: 2.9 | G80: 2.9 | H80: 2.9 | I80: 2.9 | J80: 2.9 | K80: 2.9 | L80: 2.9 | M80: 2.9 | N80: 2.9 | O80: 2.9 | P80: 2.9 | Q80: 2.9 | R80: 2.9 | S80: 2.9 | T80: 2.9 | U80: 2.9 | V80: 2.9 | W80: 2.9 | X80: 2.9 | Y80: 2.9 | Z80: 2.9 | AA80: 2.9 | AB80: 2.9 | AC80: 2.9 | AD80: 2.9 | AE80: 2.9 | AF80: 2.9 | AG80: 2.9 | AH80: 0.001
A81: EGC000:ha_RenewableSour | B81: Renewable Sources 7/ | C81: 40.2 | D81: 45.8 | E81: 50.2 | F81: 53.6 | G81: 57 | H81: 61.1 | I81: 65 | J81: 69.5 | K81: 73.3 | L81: 77.2 | M81: 80.6 | N81: 84.7 | O81: 87.9 | P81: 92.4 | Q81: 96 | R81: 100.7 | S81: 105.5 | T81: 109.7 | U81: 114 | V81: 118.4 | W81: 123.1 | X81: 127.9 | Y81: 133.1 | Z81: 137 | AA81: 142.1 | AB81: 147 | AC81: 152.3 | AD81: 157.9 | AE81: 163.1 | AF81: 167.8 | AG81: 172.7 | AH81: 0.05
A82: EGC000:ha_Other | B82: Other 14/ | C82: 0.6 | D82: 0.6 | E82: 0.7 | F82: 0.7 | G82: 0.7 | H82: 0.7 | I82: 0.7 | J82: 0.7 | K82: 0.7 | L82: 0.7 | M82: 0.7 | N82: 0.7 | O82: 0.7 | P82: 0.7 | Q82: 0.7 | R82: 0.7 | S82: 0.7 | T82: 0.7 | U82: 0.7 | V82: 0.7 | W82: 0.7 | X82: 0.7 | Y82: 0.7 | Z82: 0.7 | AA82: 0.7 | AB82: 0.7 | AC82: 0.7 | AD82: 0.7 | AE82: 0.7 | AF82: 0.7 | AG82: 0.7 | AH82: 0.003
A83: EGC000:ha_Total | B83: Total | C83: 64 | D83: 70.2 | E83: 74.9 | F83: 78.6 | G83: 82.3 | H83: 86.8 | I83: 91 | J83: 95.8 | K83: 99.9 | L83: 104.1 | M83: 107.8 | N83: 112.3 | O83: 115.8 | P83: 120.6 | Q83: 124.5 | R83: 129.5 | S83: 134.6 | T83: 139.2 | U83: 143.9 | V83: 148.7 | W83: 153.7 | X83: 159 | Y83: 164.6 | Z83: 169.1 | AA83: 174.6 | AB83: 180.1 | AC83: 186 | AD83: 192.3 | AE83: 198.2 | AF83: 203.7 | AG83: 209.5 | AH83: 0.04
A85: EGC000:ia_CumulativeCap | B85: Cumulative Capacity Additions 10/ | C85: -- | D85: 6.2 | E85: 10.9 | F85: 14.6 | G85: 18.3 | H85: 22.8 | I85: 27 | J85: 31.8 | K85: 35.9 | L85: 40.2 | M85: 43.9 | N85: 48.4 | O85: 52 | P85: 56.8 | Q85: 60.8 | R85: 65.8 | S85: 70.9 | T85: 75.5 | U85: 80.2 | V85: 84.9 | W85: 90 | X85: 95.3 | Y85: 100.9 | Z85: 105.4 | AA85: 111 | AB85: 116.5 | AC85: 122.4 | AD85: 128.6 | AE85: 134.6 | AF85: 140.1 | AG85: 145.8 | AH85: --
B87: 1/ Net summer capacity is the steady hourly output that generating equipment is expected to supply to
B88: system load (exclusive of auxiliary power), as demonstrated by tests during summer peak demand.
B89: 2/ Includes electricity-only and combined heat and power plants that have a regulatory status.
B90: 3/ Includes plants that only produce electricity and that have a regulatory status. Includes capacity increases (uprates) at existing units.
B91: 4/ Total coal and oil and natural gas steam capacity account for the conversion of coal capacity to gas steam capacity, but the conversions
B92: are not included explicitly as additions or retirements. The totals reflect 1.1 gigawatts of planned conversions as well as additional
B93: model-projected conversions.
B94: 5/ Includes oil-, gas-, and dual-fired capacity.
B95: 6/ Nuclear capacity includes 3.8 gigawatts of uprates.
B96: 7/ Includes conventional hydroelectric, geothermal, wood, wood waste, all municipal waste, landfill gas,
B97: other biomass, solar, and wind power. Facilities co-firing biomass and coal are classified as coal.
B98: 8/ Primarily peak-load capacity fueled by natural gas.
... B114: Projections: EIA, AEO2018 National Energy Modeling System run ref2018.d121317a.

Sheet BPHC
A1: Year | B1: 2016 | C1: 2017 | D1: 2018 | E1: 2019 | F1: 2020 | G1: 2021 | H1: 2022 | I1: 2023 | J1: 2024 | K1: 2025 | L1: 2026 | M1: 2027 | N1: 2028 | O1: 2029 | P1: 2030 | Q1: 2031 | R1: 2032 | S1: 2033 | T1: 2034 | U1: 2035 | V1: 2036 | W1: 2037 | X1: 2038 | Y1: 2039 | Z1: 2040 | AA1: 2041 | AB1: 2042 | AC1: 2043 | AD1: 2044 | AE1: 2045 | AF1: 2046 | AG1: 2047 | AH1: 2048 | AI1: 2049 | AJ1: 2050
A2: Pumped Storage Capacity (MW) | B2: ='AEO Table 9'!C22*1000 -> 22800 | C2: ='AEO Table 9'!D22*1000 -> 22800 | D2: ='AEO Table 9'!E22*1000 -> 22800 | E2: ='AEO Table 9'!F22*1000 -> 22800 | F2: ='AEO Table 9'!G22*1000 -> 22800 | G2: ='AEO Table 9'!H22*1000 -> 22800 | H2: ='AEO Table 9'!I22*1000 -> 22800 | I2: ='AEO Table 9'!J22*1000 -> 22800 | ... AE2: ='AEO Table 9'!AF22*1000 -> 22800 | AF2: ='AEO Table 9'!#REF!*1000 -> #REF! | AG2: ='AEO Table 9'!#REF!*1000 -> #REF! | AH2: ='AEO Table 9'!#REF!*1000 -> #REF! | AI2: ='AEO Table 9'!#REF!*1000 -> #REF! | AJ2: ='AEO Table 9'!#REF!*1000 -> #REF!
