Workbook

Sheet About
A1: BGDP BAU Gross Domestic Product | E1: ≈
E2: GDP | F2: Year-on-year change | G2: GDP
A3: Source: | B3: Hong Kong Census | E3: HK$ million | G3: HK$ | I3: 2012
B4: 2022 | D4: 2016^1 | E4: =+'[1]Key parameters rpt'!G3 -> 2050 | F4: 0.068 | G4: =E4*1000000 -> 2050000000 | H4: currency | I4: 7.8
B5: Table 310-31001 : Gross Domestic Product (GDP), implicit price deflator of GDP and per capita GDP | D5: 2017 | E5: =E4*(1+F4) -> 2189.4 | F5: 0.066 | G5: =E5*1000000 -> 2189400000
B6: https://www.censtatd.gov.hk/en/web_table.html?id=31# | D6: 2018 | E6: =E5*(1+F5) -> 2333.9004 | F6: 0.003 | G6: =E6*1000000 -> 2.3339004e+09
B7: Real GDP long-term forecast | D7: 2019 | E7: =E6*(1+F6) -> 2340.9021 | F7: -0.059 | G7: =E7*1000000 -> 2.3409021e+09
D8: 2020 | E8: =E7*(1+F7) -> 2202.7889 | F8: 0.072 | G8: =E8*1000000 -> 2.2027889e+09
A9: Notes | D9: 2021 | E9: =E8*(1+F8) -> 2361.3897 | F9: -0.017 | G9: =E9*1000000 -> 2.3613897e+09
D10: 2022 | E10: =E9*(1+F9) -> 2321.2461 | F10: 0.03 | G10: =E10*1000000 -> 2.3212461e+09
A11: GDP forecast 2.5% for 2014, (ii) 2% for 2015 (i.e. mid-point of the 1-3% government forecast), (iii) 3.5% for 2016-19, and (iv) 3.5% for 2020-21, 3% for 2022-25 and 2.5% for 2026-41 | B11: https://www.hk2030plus.hk/document/Review%20of%20Land%20Requirement%20for%20Grade%20A%20Offices_Business%20and%20Industrial%20Uses(Eng)_FCR.pdf | D11: 2023 | E11: =E10*(1+F10) -> 2390.8834 | F11: 0.03 | G11: =E11*1000000 -> 2.3908834e+09
D12: 2024 | E12: =E11*(1+F11) -> 2462.6099 | F12: 0.03 | G12: =E12*1000000 -> 2.4626099e+09
D13: 2025 | E13: =E12*(1+F12) -> 2536.4882 | F13: 0.03 | G13: =E13*1000000 -> 2.5364882e+09
D14: 2026 | E14: =E13*(1+F13) -> 2612.5829 | F14: 0.025 | G14: =E14*1000000 -> 2.6125829e+09
D15: 2027 | E15: =E14*(1+F14) -> 2677.8975 | F15: 0.025 | G15: =E15*1000000 -> 2.6778975e+09
D16: 2028 | E16: =E15*(1+F15) -> 2744.8449 | F16: 0.025 | G16: =E16*1000000 -> 2.7448449e+09
D17: 2029 | E17: =E16*(1+F16) -> 2813.466 | F17: 0.025 | G17: =E17*1000000 -> 2.813466e+09
D18: 2030 | E18: =E17*(1+F17) -> 2883.8027 | F18: 0.025 | G18: =E18*1000000 -> 2.8838027e+09
D19: 2031 | E19: =E18*(1+F18) -> 2955.8977 | F19: 0.025 | G19: =E19*1000000 -> 2.9558977e+09
D20: 2032 | E20: =E19*(1+F19) -> 3029.7952 | F20: 0.025 | G20: =E20*1000000 -> 3.0297952e+09
D21: 2033 | E21: =E20*(1+F20) -> 3105.5401 | F21: 0.025 | G21: =E21*1000000 -> 3.1055401e+09
D22: 2034 | E22: =E21*(1+F21) -> 3183.1786 | F22: 0.025 | G22: =E22*1000000 -> 3.1831786e+09
D23: 2035 | E23: =E22*(1+F22) -> 3262.758 | F23: 0.025 | G23: =E23*1000000 -> 3.262758e+09
... D37: 2049 | E37: =E36*(1+F36) -> 4610.1917 | F37: 0.025 | G37: =E37*1000000 -> 4.6101917e+09
D38: 2050 | E38: 6232620.9 | F38: 0.025 | G38: =E38*1000000 -> 6.2326209e+12
D39: 2050 | E39: ='[1]Key parameters rpt'!R3 -> 0 | F39: 0.025

Sheet OECD Data
A1: LOCATION | B1: INDICATOR | C1: SUBJECT | D1: MEASURE | E1: FREQUENCY | F1: TIME | G1: Value
A2: Hong Kong | B2: GDPLTFORECAST | C2: TOT | D2: MLN_USD | E2: A | F2: 2016 | G2: 2490617
A3: Hong Kong | B3: GDPLTFORECAST | C3: TOT | D3: MLN_USD | E3: A | F3: 2017 | G3: 2659979
A4: Hong Kong | B4: GDPLTFORECAST | C4: TOT | D4: MLN_USD | E4: A | F4: 2018 | G4: 2835537.6
A5: Hong Kong | B5: GDPLTFORECAST | C5: TOT | D5: MLN_USD | E5: A | F5: 2019 | G5: 2844044.2
A6: Hong Kong | B6: GDPLTFORECAST | C6: TOT | D6: MLN_USD | E6: A | F6: 2020 | G6: 2676245.6
A7: Hong Kong | B7: GDPLTFORECAST | C7: TOT | D7: MLN_USD | E7: A | F7: 2021 | G7: 2868935.3
A8: Hong Kong | B8: GDPLTFORECAST | C8: TOT | D8: MLN_USD | E8: A | F8: 2022 | G8: 2820163.4
A9: Hong Kong | B9: GDPLTFORECAST | C9: TOT | D9: MLN_USD | E9: A | F9: 2023 | G9: 2904768.3
A10: Hong Kong | B10: GDPLTFORECAST | C10: TOT | D10: MLN_USD | E10: A | F10: 2024 | G10: 2991911.3
A11: Hong Kong | B11: GDPLTFORECAST | C11: TOT | D11: MLN_USD | E11: A | F11: 2025 | G11: 3081668.6
A12: Hong Kong | B12: GDPLTFORECAST | C12: TOT | D12: MLN_USD | E12: A | F12: 2026 | G12: 3174118.7
A13: Hong Kong | B13: GDPLTFORECAST | C13: TOT | D13: MLN_USD | E13: A | F13: 2027 | G13: 3253471.7
... A36: Hong Kong | B36: GDPLTFORECAST | C36: TOT | D36: MLN_USD | E36: A | F36: 2050 | G36: 6232620.9
G37: 6232620.9

Sheet BGDP
A1: Unit: 2012 USD | B1: GDP
A2: 2016 | B2: =About!G4/About!$I$4 -> 2.6282051e+08
A3: 2017 | B3: =About!G5/About!$I$4 -> 2.8069231e+08
A4: 2018 | B4: =About!G6/About!$I$4 -> 2.99218e+08
A5: 2019 | B5: =About!G7/About!$I$4 -> 3.0011565e+08
A6: 2020 | B6: =About!G8/About!$I$4 -> 2.8240883e+08
A7: 2021 | B7: =About!G9/About!$I$4 -> 3.0274227e+08
A8: 2022 | B8: =About!G10/About!$I$4 -> 2.9759565e+08
A9: 2023 | B9: =About!G11/About!$I$4 -> 3.0652352e+08
A10: 2024 | B10: =About!G12/About!$I$4 -> 3.1571922e+08
A11: 2025 | B11: =About!G13/About!$I$4 -> 3.251908e+08
A12: 2026 | B12: =About!G14/About!$I$4 -> 3.3494652e+08
A13: 2027 | B13: =About!G15/About!$I$4 -> 3.4332019e+08
... A36: 2050 | B36: =About!G38/About!$I$4 -> 7.9905397e+11
