Workbook

Sheet About
A1: BTC BAU Transmission Capacity
A3: Source: | B3: Current Value and Infrastructure Investment and Jobs Act Effects
B4: Americans for a Clean Energy Grid and Grid Strategies
B5: 2021
B6: Transmission Projects Ready to Go: Plugging Into America's Untapped Renewable Resources
B7: https://cleanenergygrid.org/wp-content/uploads/2019/04/Transmission-Projects-Ready-to-Go-Final.pdf
B8: Page 4
B10: Scaling
B11: National Renewable Energy Laboratory
B12: 2012
B13: Renewable Energy Futures Study: Volume 1
B14: http://www.nrel.gov/docs/fy12osti/52409-1.pdf
B15: Page 3-14, Figure 3-8

Sheet Data
A4: CLP Transmission 2022 | B4: https://www.clpgroup.com/content/dam/clp-group/channels/investor/document/3-3-financial-reports/2022/e_2022Annual%20Report.pdf
A5: 16900 | B5: transmission + distribution lines (km)
A6: 17970 | B6: Generation + Energy Storage Capacity (MW)
A7: 5098 | B7: Long term capacity6 and energy purchase agreement (MW)
A8: =(A6+A7)/A5 -> 1.3649704 | B8: MW/km
A10: HKE Transmission 2022 | B10: https://www.hkelectric.com/documents/en/CorporateSocialResponsibility/CorporateSocialResponsibility_CDD/Documents/SR2022E.pdf
A11: 6853 | B11: Network Length (km)
A12: 3402 | B12: installed generating capacity (MW)
A13: =A12/A11 -> 0.49642492 | B13: MW/km
A15: Total 2022 Transmission Capacity
A16: =A8+A13 -> 1.8613953 | B16: MW/h
A17: =A8+A13 -> 1.8613953
A20: NOTE: Hong Kong's two energy companies do not appear to have any future plans on expanding the curent transmission capacity so will assume that the transmission capacity will remain constant until 2050

Sheet IIJA
A1: Number of MW-miles proposed | B1: =17*10^6 -> 17000000
A2: Proposed investment | B2: =33*10^9 -> 33000000000
A3: IIJA Funding | B3: =500000000*5 -> 2500000000
A4: Number of MW-miles installed through 2030* | B4: =B1/B2*B3 -> 1287878.8
A6: *assume funding is available through 2026, but due to the long nature of transmission projects,
A7: some lines may come online after 2026
B9: 2020 | C9: 2021 | D9: 2022 | E9: 2023 | F9: 2024 | G9: 2025 | H9: 2026 | I9: 2027 | J9: 2028 | K9: 2029 | L9: 2030 | M9: 2031 | N9: 2032 | O9: 2033 | P9: 2034 | Q9: 2035 | R9: 2036 | S9: 2037 | T9: 2038 | U9: 2039 | V9: 2040 | W9: 2041 | X9: 2042 | Y9: 2043 | Z9: 2044 | AA9: 2045 | AB9: 2046 | AC9: 2047 | AD9: 2048 | AE9: 2049 | AF9: 2050
A10: additional capacity (MW-miles) | B10: 0 | C10: 0 | D10: =$B$4/9 -> 143097.64 | E10: =$B$4/9+D10 -> 286195.29 | F10: =$B$4/9+E10 -> 429292.93 | G10: =$B$4/9+F10 -> 572390.57 | H10: =$B$4/9+G10 -> 715488.22 | I10: =$B$4/9+H10 -> 858585.86 | J10: =$B$4/9+I10 -> 1001683.5 | K10: =$B$4/9+J10 -> 1144781.1 | L10: =$B$4/9+K10 -> 1287878.8 | M10: =$L$10 -> 1287878.8 | N10: =$L$10 -> 1287878.8 | O10: =$L$10 -> 1287878.8 | P10: =$L$10 -> 1287878.8 | Q10: =$L$10 -> 1287878.8 | R10: =$L$10 -> 1287878.8 | S10: =$L$10 -> 1287878.8 | T10: =$L$10 -> 1287878.8 | ... AF10: =$L$10 -> 1287878.8

Sheet BTC
B1: 2020 | C1: 2021 | D1: 2022 | E1: 2023 | F1: 2024 | G1: 2025 | H1: 2026 | I1: 2027 | J1: 2028 | K1: 2029 | L1: 2030 | M1: 2031 | N1: 2032 | O1: 2033 | P1: 2034 | Q1: 2035 | R1: 2036 | S1: 2037 | T1: 2038 | U1: 2039 | V1: 2040 | W1: 2041 | X1: 2042 | Y1: 2043 | Z1: 2044 | AA1: 2045 | AB1: 2046 | AC1: 2047 | AD1: 2048 | AE1: 2049 | AF1: 2050
A2: BAU Transmission Capacity (MW-miles) | B2: =Data!$A$17 -> 1.8613953 | C2: =Data!$A$17 -> 1.8613953 | D2: =Data!$A$17 -> 1.8613953 | E2: =Data!$A$17 -> 1.8613953 | F2: =Data!$A$17 -> 1.8613953 | G2: =Data!$A$17 -> 1.8613953 | H2: =Data!$A$17 -> 1.8613953 | I2: =Data!$A$17 -> 1.8613953 | ... AF2: =Data!$A$17 -> 1.8613953
