Workbook

Sheet About
A1: EoDfIP Elasticities of Demand for Industrial Products
A3: Sources: | B3: Elasticities
B4: Resources for the Future
B5: 2008
B6: Impact of Carbon Price Policies on U.S. Industry
B7: https://media.rff.org/documents/RFF-DP-08-37.pdf
B8: Tables A1 and B6
A10: Notes
A11: To produce weighted average elastiticies (when one EPS industry category includes multiple
A12: categories from RFF's document), we weight by output from the same RFF document.
A13: Even though these output values are old (2002 data), they are the best ones to use, because they
A14: have the same category breakdown as the RFF's elasticities. This avoids another mapping step and
A15: guarantees output quantities to be non-overlapping, which is more important than recency
A16: for these particular data.

Sheet Table B6
A1: Table B6. Demand Elasticity for Output
A2: Sector | B2: Demand elasticity for output | C2: Matching EPS Industry Category
A3: Farms | B3: -0.812 | C3: agriculture and forestry 01T03
A4: Forestry, fishing, etc. | B4: -0.812 | C4: agriculture and forestry 01T03
A5: Oil mining | B5: -0.296 | C5: oil and gas extraction 06
A6: Gas mining | B6: -0.296 | C6: oil and gas extraction 06
A7: Coal mining | B7: -0.106 | C7: coal mining 05
A8: Other mining activities | B8: -0.633 | C8: other mining and quarrying 07T08
A9: Electric utilities (including government enterprises) | B9: -0.16
A10: Gas utilities | B10: -0.566 | C10: energy pipelines and gas processing 352T353
A11: Construction | B11: -0.774 | C11: construction 41T43
A12: Food | B12: -0.638 | C12: food beverage and tobacco 10T12
A13: Textile | B13: -1.139 | C13: textiles apparel and leather 13T15
A14: Apparel | B14: -2.418 | C14: textiles apparel and leather 13T15
A15: Wood and furniture | B15: -0.698 | C15: wood products 16
A16: Pulp mills | B16: -0.698 | C16: pulp paper and printing 17T18
A17: Paper mills | B17: -0.698 | C17: pulp paper and printing 17T18
A18: Paperboard mills | B18: -0.698 | C18: pulp paper and printing 17T18
A19: Other papers | B19: -0.698 | C19: pulp paper and printing 17T18
A20: Refining–LPG | B20: -0.071 | C20: refined petroleum and coke 19
A21: Refining–other | B21: -0.071 | C21: refined petroleum and coke 19
... A44: Miscellaneous manufacturing | B44: -1.662 | C44: other manufacturing 31T33
A45: Trade | B45: -0.745
A46: Air transportation | B46: -0.833
A47: Truck transportaton | B47: -0.833
A48: Other transportation | B48: -0.833
A49: Information | B49: -0.745
A50: Finance and insurance | B50: -0.745
A51: Real estate and rental | B51: -0.745
A52: Business services | B52: -0.745
A53: Other services | B53: -0.745
A54: Government excluding electricity | B54: -0.745

Sheet Table A1
A1: Table A1. Value of Industry and Commodity Output from IO Tables, 2002 (million $)
A2: Sector | B2: Industry output | C2: Commodity output | D2: Commodity domestic consumption
A3: Farms | B3: 177337 | C3: 171482 | D3: 168532
A4: Forestry, fishing, etc. | B4: 34382 | C4: 41502 | D4: 48460
A5: Oil mining | B5: 61093 | C5: 51295 | D5: 126146
A6: Gas mining | B6: 41144 | C6: 35996 | D6: 52569
A7: Coal mining | B7: 19269 | C7: 19172 | D7: 18881
A8: Other mining activities | B8: 57139 | C8: 57729 | D8: 56813
A9: Electric utilities (including government enterprises) | B9: 259603 | C9: 250078 | D9: 250852
A10: Gas utilities | B10: 82614 | C10: 92965 | D10: 92926
A11: Construction | B11: 966919 | C11: 1031693 | D11: 1031627
A12: Food | B12: 470396 | C12: 474835 | D12: 486680
A13: Textile | B13: 59670 | C13: 53357 | D13: 62447
A14: Apparel | B14: 44078 | C14: 41737 | D14: 133149
... A54: Government excluding electricity | B54: 2043064 | C54: 1682805 | D54: 1682805

Sheet EoDfIP
A1: Unit: dimensionless (elasticity) | B1: Elasticity
A2: agriculture and forestry 01T03 | B2: {=IFERROR(SUMPRODUCT(--('Table B6'!$C$3:$C$54=$A2),'Table B6'!$B$3:$B$54,'Table A1'!$B$3:$B$54)/SUMIFS('Table A1'!$B$3:$B$54,'Table B6'!$C$3:$C$54,$A2),0)} -> -0.812
A3: coal mining 05 | B3: {=IFERROR(SUMPRODUCT(--('Table B6'!$C$3:$C$54=$A3),'Table B6'!$B$3:$B$54,'Table A1'!$B$3:$B$54)/SUMIFS('Table A1'!$B$3:$B$54,'Table B6'!$C$3:$C$54,$A3),0)} -> -0.106
A4: oil and gas extraction 06 | B4: {=IFERROR(SUMPRODUCT(--('Table B6'!$C$3:$C$54=$A4),'Table B6'!$B$3:$B$54,'Table A1'!$B$3:$B$54)/SUMIFS('Table A1'!$B$3:$B$54,'Table B6'!$C$3:$C$54,$A4),0)} -> -0.296
A5: other mining and quarrying 07T08 | B5: {=IFERROR(SUMPRODUCT(--('Table B6'!$C$3:$C$54=$A5),'Table B6'!$B$3:$B$54,'Table A1'!$B$3:$B$54)/SUMIFS('Table A1'!$B$3:$B$54,'Table B6'!$C$3:$C$54,$A5),0)} -> -0.633
A6: food beverage and tobacco 10T12 | B6: {=IFERROR(SUMPRODUCT(--('Table B6'!$C$3:$C$54=$A6),'Table B6'!$B$3:$B$54,'Table A1'!$B$3:$B$54)/SUMIFS('Table A1'!$B$3:$B$54,'Table B6'!$C$3:$C$54,$A6),0)} -> -0.638
A7: textiles apparel and leather 13T15 | B7: {=IFERROR(SUMPRODUCT(--('Table B6'!$C$3:$C$54=$A7),'Table B6'!$B$3:$B$54,'Table A1'!$B$3:$B$54)/SUMIFS('Table A1'!$B$3:$B$54,'Table B6'!$C$3:$C$54,$A7),0)} -> -1.6823913
A8: wood products 16 | B8: {=IFERROR(SUMPRODUCT(--('Table B6'!$C$3:$C$54=$A8),'Table B6'!$B$3:$B$54,'Table A1'!$B$3:$B$54)/SUMIFS('Table A1'!$B$3:$B$54,'Table B6'!$C$3:$C$54,$A8),0)} -> -0.698
A9: pulp paper and printing 17T18 | B9: {=IFERROR(SUMPRODUCT(--('Table B6'!$C$3:$C$54=$A9),'Table B6'!$B$3:$B$54,'Table A1'!$B$3:$B$54)/SUMIFS('Table A1'!$B$3:$B$54,'Table B6'!$C$3:$C$54,$A9),0)} -> -0.698
A10: refined petroleum and coke 19 | B10: {=IFERROR(SUMPRODUCT(--('Table B6'!$C$3:$C$54=$A10),'Table B6'!$B$3:$B$54,'Table A1'!$B$3:$B$54)/SUMIFS('Table A1'!$B$3:$B$54,'Table B6'!$C$3:$C$54,$A10),0)} -> -0.071
A11: chemicals 20 | B11: {=IFERROR(SUMPRODUCT(--('Table B6'!$C$3:$C$54=$A11),'Table B6'!$B$3:$B$54,'Table A1'!$B$3:$B$54)/SUMIFS('Table A1'!$B$3:$B$54,'Table B6'!$C$3:$C$54,$A11),0)} -> -0.987
A12: rubber and plastic products 22 | B12: {=IFERROR(SUMPRODUCT(--('Table B6'!$C$3:$C$54=$A12),'Table B6'!$B$3:$B$54,'Table A1'!$B$3:$B$54)/SUMIFS('Table A1'!$B$3:$B$54,'Table B6'!$C$3:$C$54,$A12),0)} -> -0.98528503
A13: glass and glass products 231 | B13: =B14 -> -0.827
A14: cement and other nonmetallic minerals 239 | B14: {=IFERROR(SUMPRODUCT(--('Table B6'!$C$3:$C$54=$A14),'Table B6'!$B$3:$B$54,'Table A1'!$B$3:$B$54)/SUMIFS('Table A1'!$B$3:$B$54,'Table B6'!$C$3:$C$54,$A14),0)} -> -0.827
A15: iron and steel 241 | B15: {=IFERROR(SUMPRODUCT(--('Table B6'!$C$3:$C$54=$A15),'Table B6'!$B$3:$B$54,'Table A1'!$B$3:$B$54)/SUMIFS('Table A1'!$B$3:$B$54,'Table B6'!$C$3:$C$54,$A15),0)} -> -0.953
A16: other metals 242 | B16: {=IFERROR(SUMPRODUCT(--('Table B6'!$C$3:$C$54=$A16),'Table B6'!$B$3:$B$54,'Table A1'!$B$3:$B$54)/SUMIFS('Table A1'!$B$3:$B$54,'Table B6'!$C$3:$C$54,$A16),0)} -> -0.953
A17: metal products except machinery and vehicles 25 | B17: {=IFERROR(SUMPRODUCT(--('Table B6'!$C$3:$C$54=$A17),'Table B6'!$B$3:$B$54,'Table A1'!$B$3:$B$54)/SUMIFS('Table A1'!$B$3:$B$54,'Table B6'!$C$3:$C$54,$A17),0)} -> -0.505
A18: computers and electronics 26 | B18: {=IFERROR(SUMPRODUCT(--('Table B6'!$C$3:$C$54=$A18),'Table B6'!$B$3:$B$54,'Table A1'!$B$3:$B$54)/SUMIFS('Table A1'!$B$3:$B$54,'Table B6'!$C$3:$C$54,$A18),0)} -> -2.596
A19: appliances and electrical equipment 27 | B19: =B18 -> -2.596
A20: other machinery 28 | B20: {=IFERROR(SUMPRODUCT(--('Table B6'!$C$3:$C$54=$A20),'Table B6'!$B$3:$B$54,'Table A1'!$B$3:$B$54)/SUMIFS('Table A1'!$B$3:$B$54,'Table B6'!$C$3:$C$54,$A20),0)} -> -1.662
A21: road vehicles 29 | B21: {=IFERROR(SUMPRODUCT(--('Table B6'!$C$3:$C$54=$A21),'Table B6'!$B$3:$B$54,'Table A1'!$B$3:$B$54)/SUMIFS('Table A1'!$B$3:$B$54,'Table B6'!$C$3:$C$54,$A21),0)} -> -2.485
A22: nonroad vehicles 30 | B22: {=IFERROR(SUMPRODUCT(--('Table B6'!$C$3:$C$54=$A22),'Table B6'!$B$3:$B$54,'Table A1'!$B$3:$B$54)/SUMIFS('Table A1'!$B$3:$B$54,'Table B6'!$C$3:$C$54,$A22),0)} -> -2.485
A23: other manufacturing 31T33 | B23: {=IFERROR(SUMPRODUCT(--('Table B6'!$C$3:$C$54=$A23),'Table B6'!$B$3:$B$54,'Table A1'!$B$3:$B$54)/SUMIFS('Table A1'!$B$3:$B$54,'Table B6'!$C$3:$C$54,$A23),0)} -> -1.662
A24: energy pipelines and gas processing 352T353 | B24: {=IFERROR(SUMPRODUCT(--('Table B6'!$C$3:$C$54=$A24),'Table B6'!$B$3:$B$54,'Table A1'!$B$3:$B$54)/SUMIFS('Table A1'!$B$3:$B$54,'Table B6'!$C$3:$C$54,$A24),0)} -> -0.566
A25: water and waste 36T39 | B25: {=IFERROR(SUMPRODUCT(--('Table B6'!$C$3:$C$54=$A25),'Table B6'!$B$3:$B$54,'Table A1'!$B$3:$B$54)/SUMIFS('Table A1'!$B$3:$B$54,'Table B6'!$C$3:$C$54,$A25),0)} -> 0
A26: construction 41T43 | B26: {=IFERROR(SUMPRODUCT(--('Table B6'!$C$3:$C$54=$A26),'Table B6'!$B$3:$B$54,'Table A1'!$B$3:$B$54)/SUMIFS('Table A1'!$B$3:$B$54,'Table B6'!$C$3:$C$54,$A26),0)} -> -0.774
