Workbook

Sheet About
A1: BTaDLP BAU Transmission and Distribution Loss Percentage
A3: Sources: | B3: Electricity Mix, Capacity and Plans
B4: CLP website and HK Electricity website
B5: Retrieved 11/08/23
B6: https://www.clpgroup.com/en/our-business/assets-services
B7: https://sc.hkelectric.com/TuniS/www.hkelectric.com/zh
A9: Notes
A10: 1.Given that HK's electricity is overwhelming dominated by two companys-CLP and HK Electricity(HKE),
A11: who supply almost all HK's electricity demand, their public resources and data are reviewed to get information
A12: about the current capacity of the two company and the generator's age.
A14: 2.Calculated from the two electricity companies' public data, the Loss Percentage in HK (3~4%) is much lower than that
A15: published in HK Gov's official website(~10%).

Sheet CLP Elec Sale
A1: CLP's Electricity Sale in HK
A2: Electricity Sales | G2: Source: CLP Annual Report 2022
A3: Electricity Sale (GWh) | B3: 2022 | C3: 2018 | D3: 2017 | E3: Change | G3: https://www.clpgroup.com/content/dam/clp-group/channels/investor/document/3-3-financial-reports/2022/e_2022Annual%20Report.pdf
A4: Residential | B4: 10113 | C4: 9191 | D4: 9217 | E4: =((B4-C4)/C4)*100 -> 10.031553
A5: Commercial | B5: 13233 | C5: 13425 | D5: 13220 | E5: =((B5-C5)/C5)*100 -> -1.4301676
A6: Manufacturing | B6: 1615 | C6: 1704 | D6: 1740 | E6: =((B6-C6)/C6)*100 -> -5.2230047
A7: Infrastructure & Public Services | B7: 9863 | C7: 9342 | D7: 8987 | E7: =((B7-C7)/C7)*100 -> 5.5769642
A8: Total Local Sales | B8: =SUM(B4:B7) -> 34824 | C8: 33662 | D8: 33164 | E8: =((B8-C8)/C8)*100 -> 3.4519636
A9: Export Sales | B9: 0 | C9: 556 | D9: 1341 | E9: =((B9-C9)/C9)*100 -> -100
A10: Total Sales | B10: =B8+B9 -> 34824 | C10: 34218 | D10: 34505 | E10: =((B10-C10)/C10)*100 -> 1.7709977
A12: 输电配电系统Transmission & Distribution Network | D12: 2022资产表现数据 2022 Asset Performance Statistics
A13: 营运Operation | C13: Unit | D13: 2022 | E13: 2021 | F13: 2020 | G13: 2018 | H13: 2017 | I13: 2016 | K13: https://www.clpgroup.com/content/dam/clp-group/channels/sustainability/document/sustainability-report/2022/SR2022_APS.pdf.coredownload.pdf
A14: 輸電及供電流失Transmission & distribution loss | C14: GWh百万度 | D14: 1201 | E14: 1286 | F14: 1205 | G14: 1262 | H14: 1321 | I14: 1365
A15: 輸電及供電流失Transmission & distribution loss | C15: % | D15: 0.033 | E15: 0.035 | F15: 0.034 | G15: 0.036 | H15: 0.038 | I15: 0.039
A16: 營運地點耗電量Electricity used onsite | C16: GWh百万度 | D16: 17 | E16: 17 | F16: 17 | G16: 17 | H16: 18 | I16: 18
A18: Monthly analysis of electricity sales
A19: 45200 | C19: Millions of kWh | D19: Percentage change overprevious year (%) | F19: Source | G19: http://www.clpgroup.com/content/dam/clp-group/channels/media/document/embedded_pdfs_en/2022AR_highlights_en.pdf
A20: Local total | C20: 3482.4 | D20: -1.5 | F20: NOTE: Electricity sales decreased from 2021's (35,355GWh)
A21: Sales to the Mainland | C21: 0 | D21: -100
A22: System total | C22: 3482.4 | D22: -1.5
A25: Hong Kong's Tariff | G25: Source: CLP 2016 SR
G26: https://www.clpgroup.com/en/sustainability/sustainability-reports
A46: Electricity Sale Information | G46: Source: 2022 Annual Report (see screenshot below)
A47: Indicator | C47: Unit
A48: Customer No. in HK | C48: Million | D48: 2.75
A49: Increase in 2021 electricity sales 2021售电量上升 | C49: - | D49: 0.0145

Sheet HKE Elec Sale
A1: Electricity Sale of HK Electricity
B2: 2017-2018HKE_2018CIBooklet | L2: Power Supply Reliability
B3: Source: https://www.hkelectric.com/documents/en/InvestorRelations/InvestorRelations_GLNCS/Documents/2023/EAR2022%20Full%20version.pdf | L3: >99.999%, since 1997
B4: Year | C4: 2022 | D4: 2021 | E4: 2020 | F4: 2019 | G4: 2018 | L4: Source:https://www.hkelectric.com/en/our-operations/supply-reliability
B5: Electricity Sale(mil. kWh)
B6: Commercial | C6: 7149 | D6: 7409 | E6: 7178 | F6: 7751 | G6: 7766
B7: Residential | C7: 2505 | D7: 2659 | E7: 2667 | F7: 2475 | G7: 2466
B8: Industrial | C8: 287 | D8: 293 | E8: 289 | F8: 293 | G8: 305
B9: Total | C9: 9941 | D9: 10361 | E9: 10134 | F9: 10519 | G9: 10537
B10: Annual increase/(decrease) (%) | C10: -4 | D10: 2.2 | E10: -3.7 | F10: -0.2 | G10: -0.7
B12: HKE-Sustainability Report-2022
B13: Source:https://www.hkelectric.com/en/corporate-social-responsibility/sustainability-reports/
B14: Operations | C14: 2022 | D14: 2021 | E14: 2020
B15: Installed Capacity (MW)
B16: Gas | C16: 1095 | D16: 1060 | E16: 1060
B17: Coal & oil | C17: 2305 | D17: 2555 | E17: 2555
B18: Renewable energy | C18: 2 | D18: 1.9 | E18: 1.8
B19: Performance
B20: Electricity sold (millions of kWh) | C20: 9941 | D20: 10361 | E20: 10134
B21: Plant availability (%) | C21: 86.6 | D21: 89 | E21: 89.5
B22: Thermal efficiency (%) | C22: 38.9 | D22: 37.6 | E22: 37.6
B23: Transmission and distribution losses (%) | C23: 3.5 | D23: 3.3 | E23: 3.4

Sheet Loss rate
B3: 2022 | C3: Elec Sale (GWh) | D3: Loss Rate
B4: CLP | C4: ='CLP Elec Sale'!B10 -> 34824 | D4: ='CLP Elec Sale'!D15 -> 0.033
B5: HKE | C5: ='HKE Elec Sale'!C9 -> 9941 | D5: ='HKE Elec Sale'!C23*0.01 -> 0.035
B8: 2022 Average Loss Rate in Transmission and Distribution
B9: HK | D9: =(C4*D4+C5*D5)/(C4+C5) -> 0.033444142

Sheet BTaDLP
B1: 2015 | C1: 2016 | D1: 2017 | E1: 2018 | F1: 2019 | G1: 2020 | H1: 2021 | I1: 2022 | J1: 2023 | K1: 2024 | L1: 2025 | M1: 2026 | N1: 2027 | O1: 2028 | P1: 2029 | Q1: 2030 | R1: 2031 | S1: 2032 | T1: 2033 | U1: 2034 | V1: 2035 | W1: 2036 | X1: 2037 | Y1: 2038 | Z1: 2039 | AA1: 2040 | AB1: 2041 | AC1: 2042 | AD1: 2043 | AE1: 2044 | AF1: 2045 | AG1: 2046 | AH1: 2047 | AI1: 2048 | AJ1: 2049 | AK1: 2050
A2: Trans and Dist Loss Perc | B2: ='Loss rate'!$D$9 -> 0.033444142 | C2: ='Loss rate'!$D$9 -> 0.033444142 | D2: ='Loss rate'!$D$9 -> 0.033444142 | E2: ='Loss rate'!$D$9 -> 0.033444142 | F2: ='Loss rate'!$D$9 -> 0.033444142 | G2: ='Loss rate'!$D$9 -> 0.033444142 | H2: ='Loss rate'!$D$9 -> 0.033444142 | I2: ='Loss rate'!$D$9 -> 0.033444142 | ... AK2: ='Loss rate'!$D$9 -> 0.033444142
