Workbook

Sheet About
A1: DRC BAU Demand Response Capacity
A2: DRC Potential Additional Demand Response Capacity
A4: Sources: | B4: 2020 Capacity
B5: Hong Kong Energy Statistics Annual Report 2022
B6: https://www.censtatd.gov.hk/en/wbr.html?ecode=B11000022022AN22&scode=90
B8: 2050 Projection
A11: Notes:
A12: Demand response is defined as the potential to reduce or shift electricity usage during peak
A13: periods in response to time-based rates or other financial incentives.
A15: To estimate BAU DR Capacity, we scale Brattle's 2019 estimate of demand response potential by
A16: the growth in peak demand (EPS model output).
A18: We use a Brattle analysis to estimate the potential in 2030, and scale the potential between 2019 and 2030 linearly.
A19: We then scale the potential from 2030 to 2050 by the growth in peak demand (EPS model output).
A21: NOTE: Although CLP has its own peak demand response capactiy scheme, it has very limited coverage so it is hard to project the demand response forward

Sheet Peak Demand Time
C1: p.29 | D1: https://www.censtatd.gov.hk/en/data/stat_report/product/B1100002/att/B11000022021AN21B0100.pdf
A4: Year | B4: Peak Demand
A5: 2011 | B5: 10296
A6: 2012 | B6: 9925
A7: 2013 | B7: 10068
A8: 2014 | B8: 9962
A9: 2015 | B9: 10009
A10: 2016 | B10: 9937
A11: 2017 | B11: 10696
A12: 2018 | B12: 9692
A13: 2019 | B13: 9601
A14: 2020 | B14: 9670
A15: 2021 | B15: 9942
A16: 2022 | B16: 10104
A18: average: | B18: =AVERAGE(B5:B16) -> 9991.8333
A23: There is no discernible trend of peak demand over the past 10 years.
A24: Thus we assume peak demand to stay constant at the average of the last 10 years.

Sheet Calculations
A1: Peak Demand - EPS Output (CLP) | C1: https://www.censtatd.gov.hk/en/wbr.html?ecode=B11000022022AN22&scode=90
A2: Time (Year) | C2: 2020 | D2: 2021 | E2: 2022 | F2: 2023 | G2: 2024 | H2: 2025 | I2: 2026 | J2: 2027 | K2: 2028 | L2: 2029 | M2: 2030 | N2: 2031 | O2: 2032 | P2: 2033 | Q2: 2034 | R2: 2035 | S2: 2036 | T2: 2037 | U2: 2038 | V2: 2039 | W2: 2040 | X2: 2041 | Y2: 2042 | Z2: 2043 | AA2: 2044 | AB2: 2045 | AC2: 2046 | AD2: 2047 | AE2: 2048 | AF2: 2049 | AG2: 2050
A3: Peak Power Demand after Storage and DR[summer] : MostRecentRun | C3: 9670 | D3: 9942 | E3: 10104 | F3: {=TREND(C3:E3,C2:E2,F2:AG2)} -> 10339.333 | G3: 10556.333 | H3: 10773.333 | I3: 10990.333 | J3: 11207.333 | K3: 11424.333 | L3: 11641.333 | M3: 11858.333 | N3: 12075.333 | O3: 12292.333 | P3: 12509.333 | Q3: 12726.333 | R3: 12943.333 | S3: 13160.333 | T3: 13377.333 | U3: 13594.333 | V3: 13811.333 | W3: 14028.333 | X3: 14245.333 | Y3: 14462.333 | Z3: 14679.333 | AA3: 14896.333 | AB3: 15113.333 | AC3: 15330.333 | AD3: 15547.333 | AE3: 15764.333 | AF3: 15981.333 | AG3: 16198.333
A6: Demand Response CLP - Snapshot of CLP in 2022 | E6: https://www.clpgroup.com/content/dam/clp-group/channels/media/document/publications/A%20Snapshot%20of%20CLP%20in%202022_Eng.pdf
C8: 2019 | D8: 2020 | E8: 2021 | F8: 2022
A9: MW reduction | C9: 118 | D9: 104 | E9: 70 | F9: 130

Sheet DRC-BDRC
A1: Year | B1: 2020 | C1: 2021 | D1: 2022 | E1: 2023 | F1: 2024 | G1: 2025 | H1: 2026 | I1: 2027 | J1: 2028 | K1: 2029 | L1: 2030 | M1: 2031 | N1: 2032 | O1: 2033 | P1: 2034 | Q1: 2035 | R1: 2036 | S1: 2037 | T1: 2038 | U1: 2039 | V1: 2040 | W1: 2041 | X1: 2042 | Y1: 2043 | Z1: 2044 | AA1: 2045 | AB1: 2046 | AC1: 2047 | AD1: 2048 | AE1: 2049 | AF1: 2050
A2: DR Capacity (MW) | B2: 0 | C2: 0 | D2: 0 | E2: 0 | F2: 0 | G2: 0 | H2: 0 | I2: 0 | J2: 0 | K2: 0 | L2: 0 | M2: 0 | N2: 0 | O2: 0 | P2: 0 | Q2: 0 | R2: 0 | S2: 0 | T2: 0 | U2: 0 | V2: 0 | W2: 0 | X2: 0 | Y2: 0 | Z2: 0 | AA2: 0 | AB2: 0 | AC2: 0 | AD2: 0 | AE2: 0 | AF2: 0

Sheet DRC-PADRC
A1: Year | B1: 2018 | C1: 2019 | D1: 2020 | E1: 2021 | F1: 2022 | G1: 2023 | H1: 2024 | I1: 2025 | J1: 2026 | K1: 2027 | L1: 2028 | M1: 2029 | N1: 2030 | O1: 2031 | P1: 2032 | Q1: 2033 | R1: 2034 | S1: 2035 | T1: 2036 | U1: 2037 | V1: 2038 | W1: 2039 | X1: 2040 | Y1: 2041 | Z1: 2042 | AA1: 2043 | AB1: 2044 | AC1: 2045 | AD1: 2046 | AE1: 2047 | AF1: 2048 | AG1: 2049 | AH1: 2050
A2: Potential Additional DR Capacity (MW) | B2: =C2 -> #REF! | C2: =Calculations!#REF!-'DRC-BDRC'!#REF! -> #REF! | D2: =TREND(Calculations!#REF!,Calculations!#REF!,'DRC-PADRC'!D1)-'DRC-BDRC'!B2 -> #REF! | E2: =TREND(Calculations!#REF!,Calculations!#REF!,'DRC-PADRC'!E1)-'DRC-BDRC'!C2 -> #REF! | F2: =TREND(Calculations!#REF!,Calculations!#REF!,'DRC-PADRC'!F1)-'DRC-BDRC'!D2 -> #REF! | G2: =TREND(Calculations!#REF!,Calculations!#REF!,'DRC-PADRC'!G1)-'DRC-BDRC'!E2 -> #REF! | H2: =TREND(Calculations!#REF!,Calculations!#REF!,'DRC-PADRC'!H1)-'DRC-BDRC'!F2 -> #REF! | I2: =TREND(Calculations!#REF!,Calculations!#REF!,'DRC-PADRC'!I1)-'DRC-BDRC'!G2 -> #REF! | J2: =TREND(Calculations!#REF!,Calculations!#REF!,'DRC-PADRC'!J1)-'DRC-BDRC'!H2 -> #REF! | K2: =TREND(Calculations!#REF!,Calculations!#REF!,'DRC-PADRC'!K1)-'DRC-BDRC'!I2 -> #REF! | ... AH2: =TREND(Calculations!#REF!,Calculations!#REF!,'DRC-PADRC'!AH1)-'DRC-BDRC'!AF2 -> #REF!
