Workbook

Sheet About
A1: NSDoNCC Normalized Std Dev of New Capital Costs
A3: Source: | B3: Coal, Natural Gas Nonpeaker, Nuclear, Wind, Solar Thermal, Geothermal
B4: Congressional Research Service
B5: 2008
B6: Power Plants: Characteristics and Costs
B7: https://www.fas.org/sgp/crs/misc/RL34746.pdf
B8: p. 76-91
B10: Solar PV
B11: Berkeley Lab
B12: 2018
B13: Utility-Scale Solar Empirical Trends in Project Technology, Cost, Performance, and PPA Pricing in the United States
B14: https://emp.lbl.gov/utility-scale-solar
B16: Hydro, Natural Gas Peaker, Petroleum, Biomass
B17: Energy and Environmental Economincs
B18: 2014
B19: Capital Cost Review of Power Generation Technologies
B20: https://www.wecc.biz/Reliability/2014_TEPPC_Generation_CapCost_Report_E3.pdf
B21: Tables 2, 6, 8, 9, 11, 12, 15, 16, 22, 26, and 28
A23: Notes:
A24: Where possible, we use published costs to estimate the normalized standard deviation for new
A25: unit capital costs. The CRS study contains published values for coal, natural gas combined cycle (nonpeakers)
A26: nuclear, onshore wind, solar thermal, solar PV, and geothermal. However, given the small sample size (2) for
A27: solar PV and the availability of data published by NREL, we use data from the Berkeley Lab to
A28: calculate values for solar PV. For the remaining power plant types, we use reported project costs
A29: aggregated in a report by Energy and Environmental Economics (E3) as the basis for calculating the
A30: standard deviation of capital costs for new projects. No data was available for petroleum-fired power plants,
A31: so we assume these units have the same distribution of costs as the natural gas peaker plants.
A32: We use onshore wind ranges for offshore wind and we assume the coal values apply to both hard coal
A33: and lignite.

Sheet CRS
A1: Power Plant Quality | B1: Cost per kW | C1: Source
A2: hard coal | B2: 2857 | C2: p.76-78, Pulverized Coal Projects Selected for Cost Estimate
A3: hard coal | B3: 2083 | C3: p.76-78, Pulverized Coal Projects Selected for Cost Estimate | E3: =STDEV(B2:B10)/AVERAGE(B2:B10) -> 0.11767527
A4: hard coal | B4: 2433 | C4: p.76-78, Pulverized Coal Projects Selected for Cost Estimate
A5: hard coal | B5: 2499 | C5: p.76-78, Pulverized Coal Projects Selected for Cost Estimate
A6: hard coal | B6: 2250 | C6: p.76-78, Pulverized Coal Projects Selected for Cost Estimate
A7: hard coal | B7: 3073 | C7: p.76-78, Pulverized Coal Projects Selected for Cost Estimate
A8: hard coal | B8: 2571 | C8: p.76-78, Pulverized Coal Projects Selected for Cost Estimate
A9: hard coal | B9: 2440 | C9: p.76-78, Pulverized Coal Projects Selected for Cost Estimate
A10: hard coal | B10: 2467 | C10: p.76-78, Pulverized Coal Projects Selected for Cost Estimate
A11: nuclear | B11: 5746 | C11: p.79-81, Nuclear Projects Selected for Cost Estimate
A12: nuclear | B12: 4260 | C12: p.79-81, Nuclear Projects Selected for Cost Estimate
A13: nuclear | B13: 3670 | C13: p.79-81, Nuclear Projects Selected for Cost Estimate
A14: nuclear | B14: 2865 | C14: p.79-81, Nuclear Projects Selected for Cost Estimate
A15: nuclear | B15: 3200 | C15: p.79-81, Nuclear Projects Selected for Cost Estimate
... A48: solar pv | B48: 5961 | C48: p.91, Solar Photovoltaic (PV) Projects Selected for Cost Estimate

Sheet E3 Data
A1: Capital Costs ($/kW) | B1: Coal (table 2) | C1: natural gas nonpeaker (tables 8 and 9) | D1: nuclear (table 11) | E1: hydro (table 12, excluding outlier) | F1: wind (table 28) | G1: solar pv (table 22) | H1: solar thermal (table 26) | I1: biomass (table 15) | J1: petroleum (n/a) | K1: geothermal (table 16) | L1: natural gas peaker (table 6)
B2: 3683 | C2: 884 | D2: 9125 | E2: 4196 | F2: 2340 | G2: 3180 | H2: 6120 | I2: 4436 | K2: 4767 | L2: 1185
B3: 3683 | C3: 1016 | D3: 8689 | E3: 3669 | F3: 1867 | G3: 3990 | H3: 8833 | I3: 5357 | K3: 7347 | L3: 1199
B4: 2542 | C4: 1262 | D4: 5692 | E4: 3289 | F4: 1978 | G4: 2180 | H4: 6120 | I4: 4520 | K4: 7085 | L4: 1174
B5: 3045 | C5: 1364 | D5: 6380 | E5: 687 | F5: 2287 | G5: 2630 | H5: 11179 | I5: 4395 | K5: 7778 | L5: 1510
B6: 4104 | C6: 1026 | D6: 10971 | E6: 7529 | F6: 2408 | H6: 6454 | I6: 5560 | K6: 5041 | L6: 1212
B7: 3060 | C7: 1344 | D7: 5483 | F7: 1933 | H7: 6891 | I7: 3060 | K7: 7214 | L7: 1369
B8: 3104 | C8: 1145 | D8: 8913 | F8: 2648 | H8: 7669 | I8: 4080 | K8: 5666 | L8: 1041
B9: 3514 | C9: 1363 | D9: 7358 | F9: 2455 | H9: 9331 | I9: 3458 | K9: 9822 | L9: 1271
C10: 785 | F10: 2514 | H10: 8765 | I10: 8169 | K10: 4692 | L10: 1436
C11: 1251 | F11: 1530 | H11: 8714 | I11: 3765 | K11: 7395
C12: 988 | F12: 2040 | H12: 9180 | I12: 6402 | K12: 4974
C13: 1185 | F13: 2016 | H13: 6012 | I13: 4081 | K13: 6137
C14: 1209 | F14: 2218 | H14: 7956 | K14: 10123
C15: 1202 | F15: 2453 | H15: 8262 | K15: 4415
C16: 1279 | F16: 1887 | K16: 14356
C17: 1232 | F17: 2321 | K17: 5759
C18: 966
C19: 1202
A26: St Dev | B26: =STDEV(B2:B25) -> 493.84307 | C26: =STDEV(C2:C25) -> 168.46408 | D26: =STDEV(D2:D25) -> 1921.9896 | E26: =STDEV(E2:E25) -> 2449.6902 | F26: =STDEV(F2:F25) -> 299.52239 | G26: =STDEV(G2:G25) -> 779.25178 | H26: =STDEV(H2:H25) -> 1515.5888 | I26: =STDEV(I2:I25) -> 1417.62 | J26: n/a | K26: =STDEV(K2:K25) -> 2604.4072 | L26: =STDEV(L2:L25) -> 146.68163
A27: Normalized St Dev | B27: =B26/AVERAGE(B2:B25) -> 0.14777425 | C27: =C26/AVERAGE(C2:C25) -> 0.14646928 | D27: =D26/AVERAGE(D2:D25) -> 0.24557852 | E27: =E26/AVERAGE(E2:E25) -> 0.6323413 | F27: =F26/AVERAGE(F2:F25) -> 0.13733653 | G27: =G26/AVERAGE(G2:G25) -> 0.26018423 | H27: =H26/AVERAGE(H2:H25) -> 0.19032204 | I27: =I26/AVERAGE(I2:I25) -> 0.29697188 | J27: n/a | K27: =K26/AVERAGE(K2:K25) -> 0.37017096 | L27: =L26/AVERAGE(L2:L25) -> 0.11583177

Sheet PV
A1: Figure 10. Installed Price of Utility-Scale PV by Mounting Type and Installation Year
A2: Units: 2017 Real $/W-AC
A3: Installation Year | B3: Fixed-Tilt Projects | F3: Tracking Projects | J3: All PV Sample
B4: Median Price | C4: Capacity-Weighted Average | D4: 20th Percentile | E4: 80th Percentile | F4: Median Price | G4: Capacity-Weighted Average | H4: 20th Percentile | I4: 80th Percentile | J4: Median Price | K4: Capacity-Weighted Average | L4: Project Count | M4: Project MW-AC
A5: 2007-2009 | B5: 3.9144099 | C5: 3.6813172 | D5: 3.5202713 | E5: 4.3085486 | F5: 8.1494923 | G5: 7.6010876 | H5: 7.2129859 | I5: 9.0859987 | J5: 6.5886483 | K5: 6.2119559 | L5: 5 | M5: 74.9
A6: 2010 | B6: 4.8009147 | C6: 4.2157679 | D6: 3.8722045 | E6: 5.3046259 | F6: 6.4446953 | G6: 6.190208 | H6: 5.5702007 | I6: 7.6304423 | J6: 5.1026755 | K6: 4.7204585 | L6: 10 | M6: 175.07
A7: 2011 | B7: 4.475202 | C7: 4.4038552 | D7: 3.7438522 | E7: 5.0040534 | F7: 4.4638016 | G7: 4.520266 | H7: 4.0082036 | I7: 5.0515018 | J7: 4.475202 | K7: 4.4587394 | L7: 29 | M7: 427.79
A8: 2012 | B8: 3.6277142 | C8: 3.4226442 | D8: 3.174586 | E8: 4.3981022 | F8: 4.1904441 | G8: 4.3311078 | H8: 4.1298554 | I8: 4.6547378 | J8: 4.1385321 | K8: 3.7832613 | L8: 40 | M8: 914.794
A9: 2013 | B9: 3.6688843 | C9: 3.7613249 | D9: 3.0238723 | E9: 4.2973812 | F9: 3.8315812 | G9: 4.1060697 | H9: 3.400809 | I9: 4.3725821 | J9: 3.693118 | K9: 3.9502559 | L9: 38 | M9: 1343.789
A10: 2014 | B10: 3.1237826 | C10: 3.8124074 | D10: 2.6208947 | E10: 3.9764274 | F10: 3.2275673 | G10: 3.7883697 | H10: 2.5954323 | I10: 4.2319891 | J10: 3.1315397 | K10: 3.8026438 | L10: 64 | M10: 3166.3595
A11: 2015 | B11: 2.5100236 | C11: 2.4663045 | D11: 2.030633 | E11: 3.245333 | F11: 2.9247457 | G11: 3.4135735 | H11: 2.3256329 | I11: 3.5695145 | J11: 2.8108157 | K11: 3.130586 | L11: 87 | M11: 2869.682
A12: 2016 | B12: 2.2668519 | C12: 2.862557 | D12: 1.89957 | E12: 3.2440423 | F12: 2.3375069 | G12: 2.3038722 | H12: 2.0370092 | I12: 2.8705009 | J12: 2.333624 | K12: 2.4161467 | L12: 157 | M12: 7468.994
A13: 2017 | B13: 2.0491852 | C13: 2.0043666 | D13: 1.886685 | E13: 2.144912 | F13: 1.9230769 | G13: 2.0600541 | H13: 1.6098485 | I13: 2.2362265 | J13: 1.995222 | K13: 2.0422559 | L13: 76 | M13: 2303.19
A14: Notes: "All PV" sample includes PV projects with hybrid tracking technologies and CPV projects
C17: mean | D17: =C13 -> 2.0043666
C18: x value | D18: =E13 -> 2.144912
C19: standard deviation | D19: =(D18-D17)/D20 -> 0.16731592
C20: z-score of 80 percentile | D20: 0.84
C22: normalized standard deviation | D22: =D19/D17 -> 0.083475708

Sheet NSDoNCC
A1: Electricity Source | B1: Norm St Dev of New Capital Costs (dimensionless)
A2: hard coal | B2: =STDEV(CRS!B2:B10)/AVERAGE(CRS!B2:B10) -> 0.11767527
A3: natural gas nonpeaker | B3: =STDEV(CRS!B20:B26)/AVERAGE(CRS!B20:B26) -> 0.11586188
A4: nuclear | B4: =STDEV(CRS!B11:B19)/AVERAGE(CRS!B11:B19) -> 0.22951833
A5: hydro | B5: =INDEX('E3 Data'!$B$27:$L$27,1,ROW(A4)) -> 0.6323413
A6: onshore wind | B6: =STDEV(CRS!B27:B33)/AVERAGE(CRS!B27:B33) -> 0.17425353
A7: solar pv | B7: =PV!D22 -> 0.083475708
A8: solar thermal | B8: =STDEV(CRS!B38:B46)/AVERAGE(CRS!B38:B46) -> 0.11955442
A9: biomass | B9: =INDEX('E3 Data'!$B$27:$L$27,1,ROW(A8)) -> 0.29697188
A10: geothermal | B10: =STDEV(CRS!B34:B37)/AVERAGE(CRS!B34:B37) -> 0.19629788
A11: petroleum | B11: =B3 -> 0.11586188
A12: natural gas peaker | B12: =INDEX('E3 Data'!$B$27:$L$27,1,ROW(A10)) -> 0.37017096
A13: lignite | B13: =B2 -> 0.11767527
A14: offshore wind | B14: =B6 -> 0.17425353
A15: crude oil | B15: =B11 -> 0.11586188
A16: heavy or residual fuel oil | B16: =B11 -> 0.11586188
A17: municipal solid waste | B17: =B9 -> 0.29697188
